OML UID,Entity / Source,Survey Type,Status,Assignee,Neighborhood,Zone,Building condition,Lat,Long,Address,Building Entrance | مدخل البناية,Building Door Entrance | باب المدخل البناية,Water Collection | خزان تجميع المياه,Water Pump | مضخات مياه,Water Distribution Tank | خزان توزيع مياه,Water Main Supply | امدادات رئيسية للمياه,Electricity Room | غرفة الكهرباء,Electricity Main Supply | امدادات الكهرباء الرئيسية,Sanitation Main Supply | إمدادات الصرف الصحي الرئيسية,Sanitation Winter Water | مياه الشتاء,Building Glasses | زجاج المبنى,Building HandRail | درابزين المبنى,Building Balcony | برندات المبنى,Building Exterior | تلبيس المبنى,Building Structure Damage | جسم المبنى,Building Surface Isolation | عزل المبنى,Building Roof | سطح المبنى,,,,,,,,Damaged Doors,,Supplier UID,Survey Date,,,,,,,,,,,,,,,,,,,,,,,,,
FE1,Frontline Engineers,Shelter,Unknown,,,,"Moderate Damage, repair needs to be done, No evacuation",33.891657,35.532464,65,Minor | طفيف,Minor | طفيف,,,,,,,,,,,,,Minor | طفيف,,,,,,,,,,6,,116808636,2020-08-17T18:36:32.706+03:00,,,,,,,,,,,,,,,,,,,,,,,,,Shelter
FE2,Frontline Engineers,Shelter,Unknown,,,,"Moderate Damage, repair needs to be done, No evacuation",33.891643,35.532471,65,Minor | طفيف,Minor | طفيف,,,,,,,,,Minor | طفيف,Minor | طفيف,Minor | طفيف,,Minor | طفيف,,,,,,,,,,3,,116807566,2020-08-17T18:29:35.855+03:00,,,,,,,,,,,,,,,,,,,,,,,,,
FE3,Frontline Engineers,Shelter,Unknown,,,,"Moderate Damage, repair needs to be done, No evacuation",33.89164,35.53247,65,Minor | طفيف,Minor | طفيف,,,,,,,,,Minor | طفيف,Minor | طفيف,Minor | طفيف,,Minor | طفيف,,,,,,,,,,8,,116806009,2020-08-17T18:04:48.567+03:00,,,,,,,,,,,,,,,,,,,,,,,,,
FE4,Frontline Engineers,Shelter,Unknown,,,,,33.89327,35.533197,15.175999641418457,,,,,,,,,,,,,,,,,,,,,,,,,1,,116218069,2020-08-14T11:02:16.573+03:00,,,,,,,,,,,,,,,,,,,,,,,,,
FE5,Frontline Engineers,Shelter,Unknown,,,,"Heavy Damage, Evacuation needed repairs should be done as soon as possible ",33.89153,35.515527,1,Major | كبير,Major | كبير,Severe | شديد,Major | كبير,Major | كبير,Major | كبير,Major | كبير,Major | كبير,Major | كبير,Major | كبير,Major | كبير,Severe | شديد,Severe | شديد,Minor | طفيف,Major | كبير,Minor | طفيف,Minor | طفيف,,,,,,,,,,116574126,2020-08-16T15:16:48.740+03:00,,,,,,,,,,,,,,,,,,,,,,,,,
FE6,Frontline Engineers,Shelter,Unknown,,,,"Moderate Damage, repair needs to be done, No evacuation",33.888947,35.532707,10.418999671936035,Minor | طفيف,,,,,,,,,,Severe | شديد,,,,,,,,,,,,,,,,116069463,2020-08-13T14:49:20.106+03:00,,,,,,,,,,,,,,,,,,,,,,,,,
FE7,Frontline Engineers,Shelter,Unknown,,,,"No Damage, No evacuation",33.892595,35.532779,300,,,,,,,,,,,,,,,,,,,,,,,,,2,,116213276,2020-08-14T10:08:43.270+03:00,,,,,,,,,,,,,,,,,,,,,,,,,
FE8,Frontline Engineers,Shelter,Unknown,,,,,,,,Minor | طفيف,Minor | طفيف,Minor | طفيف,Minor | طفيف,Minor | طفيف,Major | كبير,Minor | طفيف,Minor | طفيف,,,Major | كبير,Major | كبير,Major | كبير,,Major | كبير,Severe | شديد,Severe | شديد,,,,,,,,,,115027327,2020-08-07T15:14:00.970+03:00,,,,,,,,,,,,,,,,,,,,,,,,,
FE9,Frontline Engineers,Shelter,Unknown,,,,,,,,Severe | شديد,Severe | شديد,Severe | شديد,Severe | شديد,Severe | شديد,Severe | شديد,Severe | شديد,Severe | شديد,Severe | شديد,Severe | شديد,Severe | شديد,Severe | شديد,Severe | شديد,Severe | شديد,Severe | شديد,Severe | شديد,Severe | شديد,,,,,,,,,,115038399,2020-08-07T15:47:32.303+03:00,,,,,,,,,,,,,,,,,,,,,,,,,
FE10,Frontline Engineers,Shelter,Unknown,,,,,,,,Major | كبير,Severe | شديد,Major | كبير,Major | كبير,Severe | شديد,Severe | شديد,,Major | كبير,Severe | شديد,Severe | شديد,Severe | شديد,Severe | شديد,Major | كبير,Major | كبير,Minor | طفيف,Major | كبير,Major | كبير,,,,,,,,,,115043027,2020-08-07T16:47:00.305+03:00,,,,,,,,,,,,,,,,,,,,,,,,,
FE11,Frontline Engineers,Shelter,Unknown,,,,,,,,Major | كبير,Minor | طفيف,Severe | شديد,Severe | شديد,Severe | شديد,Severe | شديد,Minor | طفيف,Major | كبير,Major | كبير,Severe | شديد,Severe | شديد,Severe | شديد,Severe | شديد,Major | كبير,Major | كبير,Major | كبير,Severe | شديد,,,,,,,,,,115043225,2020-08-07T16:28:33.103+03:00,,,,,,,,,,,,,,,,,,,,,,,,,
FE12,Frontline Engineers,Shelter,Unknown,,,,,,,,,,,,,,,,,,,,,,,,,,,,,,,,,,115048231,2020-08-07T17:26:07.992+03:00,,,,,,,,,,,,,,,,,,,,,,,,,
FE13,Frontline Engineers,Shelter,Unknown,,,,,,,,,,,,,,,,,,,,,,,,,,,,,,,,,,115048233,2020-08-07T17:26:10.655+03:00,,,,,,,,,,,,,,,,,,,,,,,,,
FE14,Frontline Engineers,Shelter,Unknown,,,,,,,,,,,,,,,,,,,,,,,,,,,,,,,,,,115133567,2020-08-08T12:56:18.054+03:00,,,,,,,,,,,,,,,,,,,,,,,,,
FE15,Frontline Engineers,Shelter,Unknown,,,,"Moderate Damage, repair needs to be done, No evacuation",33.894347,35.524783,65,Major | كبير,Minor | طفيف,,,,,,,,,Severe | شديد,,Minor | طفيف,,Minor | طفيف,,Minor | طفيف,,,,,,,,5,,115138628,2020-08-08T13:20:31.768+03:00,,,,,,,,,,,,,,,,,,,,,,,,,
FE16,Frontline Engineers,Shelter,Unknown,,,,"Moderate Damage, repair needs to be done, No evacuation",,,,Major | كبير,Major | كبير,Major | كبير,,Major | كبير,Major | كبير,,Minor | طفيف,Minor | طفيف,,Severe | شديد,Major | كبير,Major | كبير,Minor | طفيف,Minor | طفيف,Minor | طفيف,Major | كبير,,,,,,,,,,115153751,2020-08-08T15:45:02.909+03:00,,,,,,,,,,,,,,,,,,,,,,,,,
FE17,Frontline Engineers,Shelter,Unknown,,,,"Major damage, Evacuation needed for the Building and the Building nearby",33.894392,35.520297,65,,,,,,,,,,,Severe | شديد,,,Severe | شديد,Major | كبير,,Severe | شديد,,,,,,,,,,115153787,2020-08-08T13:39:29.954+03:00,,,,,,,,,,,,,,,,,,,,,,,,,
FE18,Frontline Engineers,Shelter,Unknown,,,,"Moderate Damage, repair needs to be done, No evacuation",,,,Major | كبير,Major | كبير,Severe | شديد,Major | كبير,Major | كبير,Major | كبير,Major | كبير,Major | كبير,Minor | طفيف,Minor | طفيف,Severe | شديد,Major | كبير,Minor | طفيف,Minor | طفيف,Major | كبير,Major | كبير,Major | كبير,,,,,,,,,,115168183,2020-08-08T17:23:14.506+03:00,,,,,,,,,,,,,,,,,,,,,,,,,
FE19,Frontline Engineers,Shelter,Unknown,,,,"Heavy Damage, Evacuation needed repairs should be done as soon as possible ",33.89456,35.519267,0,Severe | شديد,Severe | شديد,,,,,,,,,Severe | شديد,,,Major | كبير,Severe | شديد,,Severe | شديد,,,,,,,,,,115255416,2020-08-09T12:45:13.681+03:00,,,,,,,,,,,,,,,,,,,,,,,,,
FE20,Frontline Engineers,Shelter,Unknown,,,,,33.894957,35.52004,52.400001525878906,Minor | طفيف,Minor | طفيف,Minor | طفيف,Minor | طفيف,Minor | طفيف,Minor | طفيف,Minor | طفيف,Major | كبير,Major | كبير,Minor | طفيف,Severe | شديد,Severe | شديد,Severe | شديد,Major | كبير,Major | كبير,Major | كبير,Severe | شديد,,,,,,,,,,115401321,2020-08-10T13:32:22.113+03:00,,,,,,,,,,,,,,,,,,,,,,,,,
FE21,Frontline Engineers,Shelter,Unknown,,,,"Moderate Damage, repair needs to be done, No evacuation",33.895023,35.519499,77.5999984741211,Minor | طفيف,Minor | طفيف,Minor | طفيف,Minor | طفيف,Minor | طفيف,Minor | طفيف,Minor | طفيف,Minor | طفيف,Minor | طفيف,Minor | طفيف,Severe | شديد,Severe | شديد,Minor | طفيف,Minor | طفيف,Minor | طفيف,Minor | طفيف,Minor | طفيف,,,,,,,,Yes,,115404852,2020-08-10T14:02:56.731+03:00,,,,,,,,,,,,,,,,,,,,,,,,,
FE22,Frontline Engineers,Shelter,Unknown,,,,"Moderate Damage, repair needs to be done, No evacuation",33.895561,35.520616,71.74298288218388,Minor | طفيف,Minor | طفيف,Minor | طفيف,Major | كبير,Minor | طفيف,Minor | طفيف,Minor | طفيف,Minor | طفيف,Minor | طفيف,Major | كبير,Severe | شديد,Minor | طفيف,Minor | طفيف,Minor | طفيف,Minor | طفيف,Minor | طفيف,Minor | طفيف,,,,,,,,6,,115418709,2020-08-10T14:41:57.485+03:00,,,,,,,,,,,,,,,,,,,,,,,,,
FE23,Frontline Engineers,Shelter,Unknown,,,,"Heavy Damage, Evacuation needed repairs should be done as soon as possible ",,,,,Severe | شديد,,,Severe | شديد,Severe | شديد,Severe | شديد,,,,Severe | شديد,,,Major | كبير,Severe | شديد,,,,,,,,,,Front vitrina all glass,,115461833,2020-08-10T17:12:55.578+03:00,,,,,,,,,,,,,,,,,,,,,,,,,
FE24,Frontline Engineers,Shelter,Unknown,,,,"Heavy Damage, Evacuation needed repairs should be done as soon as possible ",33.891965,35.529458,0,Minor | طفيف,Minor | طفيف,,,,,,,,,Major | كبير,Minor | طفيف,,Minor | طفيف,Minor | طفيف,Minor | طفيف,Minor | طفيف,,,,,,,,الواجهة الزجاجية للمحل مع الالمنيوم مدمرة بالكامل مع باب المحل مع السقف و الأرمة الداخلية بالاضافة الى باب الحديد,,115583103,2020-08-11T11:47:28.410+03:00,,,,,,,,,,,,,,,,,,,,,,,,,
FE25,Frontline Engineers,Shelter,Unknown,,,,"Moderate Damage, repair needs to be done, No evacuation",33.896839,35.523861,65,Minor | طفيف,Minor | طفيف,Minor | طفيف,Minor | طفيف,Minor | طفيف,Minor | طفيف,Minor | طفيف,Minor | طفيف,Minor | طفيف,Minor | طفيف,Minor | طفيف,Minor | طفيف,Minor | طفيف,Minor | طفيف,Minor | طفيف,Minor | طفيف,Minor | طفيف,,,,,,,,Exterior doors,,115611268,2020-08-10T15:25:47.630+03:00,,,,,,,,,,,,,,,,,,,,,,,,,
FE26,Frontline Engineers,Shelter,Unknown,,,,"Moderate Damage, repair needs to be done, No evacuation",33.893941,35.524375,13.90999984741211,Severe | شديد,Severe | شديد,Severe | شديد,Major | كبير,,,,Major | كبير,Major | كبير,,Severe | شديد,Severe | شديد,Major | كبير,,,,,,,,,,,,2,,115837725,2020-08-11T23:03:35.896+03:00,,,,,,,,,,,,,,,,,,,,,,,,,
FE27,Frontline Engineers,Shelter,Unknown,,,,"Moderate Damage, repair needs to be done, No evacuation",33.894147,35.52426,65,Minor | طفيف,Minor | طفيف,Minor | طفيف,Minor | طفيف,Minor | طفيف,Minor | طفيف,Minor | طفيف,Minor | طفيف,Minor | طفيف,,Major | كبير,Minor | طفيف,Minor | طفيف,Minor | طفيف,Minor | طفيف,Minor | طفيف,Minor | طفيف,,,,,,,,,,116022554,2020-08-13T12:20:11.412+03:00,,,,,,,,,,,,,,,,,,,,,,,,,
FE28,Frontline Engineers,Shelter,Unknown,,,,"Major damage, Evacuation needed for the Building and the Building nearby",33.872114,35.527216,65,Minor | طفيف,Minor | طفيف,Minor | طفيف,Minor | طفيف,Minor | طفيف,Minor | طفيف,Minor | طفيف,Minor | طفيف,Minor | طفيف,Minor | طفيف,Major | كبير,,,,,Major | كبير,,,,,,,,,6,,116023879,2020-08-13T10:18:35.143+03:00,,,,,,,,,,,,,,,,,,,,,,,,,
FE29,Frontline Engineers,Shelter,Unknown,,,,,33.892006,35.511771,14.741999626159668,Minor | طفيف,Minor | طفيف,Minor | طفيف,Minor | طفيف,Minor | طفيف,Minor | طفيف,Minor | طفيف,Minor | طفيف,Minor | طفيف,Minor | طفيف,Major | كبير,Minor | طفيف,Major | كبير,Minor | طفيف,Minor | طفيف,Major | كبير,Minor | طفيف,,,,,,,,,,116031613,2020-08-13T12:39:33.575+03:00,,,,,,,,,,,,,,,,,,,,,,,,,
FE30,Frontline Engineers,Shelter,Unknown,,,,"Moderate Damage, repair needs to be done, No evacuation",33.892096,35.512276,12.677000045776367,Minor | طفيف,Minor | طفيف,Minor | طفيف,Minor | طفيف,Minor | طفيف,Minor | طفيف,Minor | طفيف,Minor | طفيف,Minor | طفيف,Minor | طفيف,Major | كبير,,,Minor | طفيف,,,,,,,,,,,1,,116034341,2020-08-13T12:43:07.658+03:00,,,,,,,,,,,,,,,,,,,,,,,,,
FE31,Frontline Engineers,Shelter,Unknown,,,,"Moderate Damage, repair needs to be done, No evacuation",33.891408,35.512325,15.08899974822998,Minor | طفيف,Minor | طفيف,Minor | طفيف,Minor | طفيف,Minor | طفيف,Minor | طفيف,Minor | طفيف,Minor | طفيف,Minor | طفيف,Minor | طفيف,Major | كبير,Minor | طفيف,Minor | طفيف,Minor | طفيف,Minor | طفيف,Severe | شديد,Minor | طفيف,,,,,,,,2 doors - plus 5m carre windows glass,,116034466,2020-08-13T12:58:19.827+03:00,,,,,,,,,,,,,,,,,,,,,,,,,
FE32,Frontline Engineers,Shelter,Unknown,,,,"Moderate Damage, repair needs to be done, No evacuation",33.891408,35.512325,15.08899974822998,Minor | طفيف,Minor | طفيف,Minor | طفيف,Minor | طفيف,Minor | طفيف,Minor | طفيف,Minor | طفيف,Minor | طفيف,Minor | طفيف,Minor | طفيف,Major | كبير,Minor | طفيف,Minor | طفيف,Minor | طفيف,Minor | طفيف,Severe | شديد,Minor | طفيف,,,,,,,,2 doors 3 windows,,116035370,2020-08-13T13:08:25.705+03:00,,,,,,,,,,,,,,,,,,,,,,,,,
FE33,Frontline Engineers,Shelter,Unknown,,,,"Moderate Damage, repair needs to be done, No evacuation",33.881247,35.490119,65,,,,,,,,,,,Minor | طفيف,,,,,,,,,,,,,,One wooden door slight damaged,,116035927,2020-08-13T12:18:33.061+03:00,,,,,,,,,,,,,,,,,,,,,,,,,
FE34,Frontline Engineers,Shelter,Unknown,,,,"Moderate Damage, repair needs to be done, No evacuation",33.891942,35.512213,17.573999404907227,Major | كبير,Minor | طفيف,,,,,,,,,Minor | طفيف,,Minor | طفيف,Minor | طفيف,Minor | طفيف,,,,,,,,,,,,116036023,2020-08-13T13:07:51.096+03:00,,,,,,,,,,,,,,,,,,,,,,,,,
FE35,Frontline Engineers,Shelter,Unknown,,,,"No Damage, No evacuation",33.891408,35.512325,15.08899974822998,Minor | طفيف,Minor | طفيف,Minor | طفيف,Minor | طفيف,Minor | طفيف,Minor | طفيف,Minor | طفيف,Minor | طفيف,Minor | طفيف,Minor | طفيف,Minor | طفيف,Minor | طفيف,Minor | طفيف,Minor | طفيف,Minor | طفيف,Severe | شديد,Minor | طفيف,,,,,,,,2 doors / 1 facade / handrail,,116036745,2020-08-13T13:13:01.514+03:00,,,,,,,,,,,,,,,,,,,,,,,,,
FE36,Frontline Engineers,Shelter,Unknown,,,,"Moderate Damage, repair needs to be done, No evacuation",33.891556,35.512258,65,Major | كبير,Major | كبير,Minor | طفيف,Minor | طفيف,Minor | طفيف,Minor | طفيف,Minor | طفيف,Minor | طفيف,Minor | طفيف,Minor | طفيف,Major | كبير,Minor | طفيف,Minor | طفيف,Minor | طفيف,Minor | طفيف,Minor | طفيف,Minor | طفيف,,,,,,,,,,116037716,2020-08-13T12:54:50.776+03:00,,,,,,,,,,,,,,,,,,,,,,,,,
FE37,Frontline Engineers,Shelter,Unknown,,,,"No Damage, No evacuation",33.891454,35.512847,37.4010009765625,Minor | طفيف,Minor | طفيف,Minor | طفيف,Minor | طفيف,Minor | طفيف,Minor | طفيف,Minor | طفيف,Minor | طفيف,Minor | طفيف,Minor | طفيف,Minor | طفيف,Minor | طفيف,Minor | طفيف,Minor | طفيف,Minor | طفيف,Major | كبير,Minor | طفيف,,,,,,,,,,116041337,2020-08-13T13:39:14.361+03:00,,,,,,,,,,,,,,,,,,,,,,,,,
FE38,Frontline Engineers,Shelter,Unknown,,,,,33.893113,35.533648,65,,,,,,,,,,,Minor | طفيف,,,,,,,,,,,,,,,,116043625,2020-08-13T12:28:21.892+03:00,,,,,,,,,,,,,,,,,,,,,,,,,
FE39,Frontline Engineers,Shelter,Unknown,,,,"Moderate Damage, repair needs to be done, No evacuation",33.894417,35.520214,0,Minor | طفيف,Major | كبير,Major | كبير,Minor | طفيف,Minor | طفيف,Minor | طفيف,Minor | طفيف,,,,,,,,Minor | طفيف,Minor | طفيف,,,,,,,,,All of them,,116043637,2020-08-13T13:44:16.825+03:00,,,,,,,,,,,,,,,,,,,,,,,,,
FE40,Frontline Engineers,Shelter,Unknown,,,,"Moderate Damage, repair needs to be done, No evacuation",33.891725,35.513052,65,Major | كبير,Major | كبير,Minor | طفيف,Minor | طفيف,Minor | طفيف,Minor | طفيف,Minor | طفيف,Minor | طفيف,Minor | طفيف,Minor | طفيف,Minor | طفيف,Minor | طفيف,Minor | طفيف,Minor | طفيف,Minor | طفيف,Minor | طفيف,Minor | طفيف,,,,,,,,,,116043765,2020-08-13T13:26:42.758+03:00,,,,,,,,,,,,,,,,,,,,,,,,,
FE41,Frontline Engineers,Shelter,Unknown,,,,"Moderate Damage, repair needs to be done, No evacuation",33.893065,35.533651,65,,,,,,,,,,,Major | كبير,,,,,,,,,,,,,,,,116044365,2020-08-13T13:43:55.892+03:00,,,,,,,,,,,,,,,,,,,,,,,,,
FE42,Frontline Engineers,Shelter,Unknown,,,,"Moderate Damage, repair needs to be done, No evacuation",33.891682,35.512978,65,Major | كبير,Minor | طفيف,,,,,,,,,,,Minor | طفيف,Minor | طفيف,Minor | طفيف,Minor | طفيف,,,,,,,,,,,116044760,2020-08-13T13:53:17.392+03:00,,,,,,,,,,,,,,,,,,,,,,,,,
FE43,Frontline Engineers,Shelter,Unknown,,,,"Moderate Damage, repair needs to be done, No evacuation",33.891695,35.513312,65,Major | كبير,Minor | طفيف,,,,,,,,,Major | كبير,Minor | طفيف,Minor | طفيف,Major | كبير,Minor | طفيف,Minor | طفيف,,,,,,,,,,,116046018,2020-08-13T13:58:38.564+03:00,,,,,,,,,,,,,,,,,,,,,,,,,
FE44,Frontline Engineers,Shelter,Unknown,,,,"Moderate Damage, repair needs to be done, No evacuation",33.892879,35.533685,17.857999801635742,,,,,,,,,,,Minor | طفيف,,,,,,,,,,,,,,,,116046456,2020-08-13T13:55:52.269+03:00,,,,,,,,,,,,,,,,,,,,,,,,,
FE45,Frontline Engineers,Shelter,Unknown,,,,"Moderate Damage, repair needs to be done, No evacuation",33.891454,35.512847,37.4010009765625,Minor | طفيف,Minor | طفيف,Minor | طفيف,Minor | طفيف,Minor | طفيف,Minor | طفيف,Minor | طفيف,Minor | طفيف,Minor | طفيف,Minor | طفيف,Major | كبير,Minor | طفيف,Minor | طفيف,Minor | طفيف,Minor | طفيف,Minor | طفيف,Minor | طفيف,,,,,,,,5 aluminum 1 wood,,116047148,2020-08-13T13:50:59.868+03:00,,,,,,,,,,,,,,,,,,,,,,,,,
FE46,Frontline Engineers,Shelter,Unknown,,,,"Moderate Damage, repair needs to be done, No evacuation",33.891684,35.51333,65,Minor | طفيف,Minor | طفيف,,,,,,,,,Major | كبير,Minor | طفيف,Minor | طفيف,,,,,,,,,,,,,,116047329,2020-08-13T14:04:21.436+03:00,,,,,,,,,,,,,,,,,,,,,,,,,
FE47,Frontline Engineers,Shelter,Unknown,,,,"Moderate Damage, repair needs to be done, No evacuation",33.891044,35.512963,13.383000373840332,Minor | طفيف,Minor | طفيف,Minor | طفيف,Minor | طفيف,Minor | طفيف,Minor | طفيف,Minor | طفيف,Minor | طفيف,Minor | طفيف,Minor | طفيف,Major | كبير,Minor | طفيف,Minor | طفيف,Minor | طفيف,Minor | طفيف,Minor | طفيف,Minor | طفيف,,,,,,,,Indoor wooden door outdoor aluminum door aluminum windows fcades,,116047565,2020-08-13T14:06:25.438+03:00,,,,,,,,,,,,,,,,,,,,,,,,,
FE48,Frontline Engineers,Shelter,Unknown,,,,"Moderate Damage, repair needs to be done, No evacuation",33.891262,35.513628,65,Major | كبير,Major | كبير,Minor | طفيف,Major | كبير,Major | كبير,Minor | طفيف,Major | كبير,Major | كبير,Minor | طفيف,Minor | طفيف,Major | كبير,Minor | طفيف,Minor | طفيف,Minor | طفيف,Minor | طفيف,Minor | طفيف,,,,,,,,,,,116049392,2020-08-13T14:10:33.908+03:00,,,,,,,,,,,,,,,,,,,,,,,,,
FE49,Frontline Engineers,Shelter,Unknown,,,,"Moderate Damage, repair needs to be done, No evacuation",33.893036,35.533581,65,,,,,,,,,,,Major | كبير,,,,,,,,,,,,,,,,116049456,2020-08-13T13:53:58.479+03:00,,,,,,,,,,,,,,,,,,,,,,,,,
FE50,Frontline Engineers,Shelter,Unknown,,,,"Moderate Damage, repair needs to be done, No evacuation",33.977295,35.610115,23.600000381469727,,,,,,,,,,,,,,,,,,,,,,,,,3,,116050258,2020-08-13T14:06:49.169+03:00,,,,,,,,,,,,,,,,,,,,,,,,,
FE51,Frontline Engineers,Shelter,Unknown,,,,"Moderate Damage, repair needs to be done, No evacuation",33.891044,35.512963,13.383000373840332,Minor | طفيف,Minor | طفيف,Minor | طفيف,Minor | طفيف,Minor | طفيف,Minor | طفيف,Minor | طفيف,Minor | طفيف,Minor | طفيف,Minor | طفيف,Major | كبير,Minor | طفيف,Minor | طفيف,Minor | طفيف,Minor | طفيف,Minor | طفيف,Minor | طفيف,,,,,,,,,,116050821,2020-08-13T14:11:33.120+03:00,,,,,,,,,,,,,,,,,,,,,,,,,
FE52,Frontline Engineers,Shelter,Unknown,,,,"Moderate Damage, repair needs to be done, No evacuation",33.890992,35.512853,13.413000106811523,Minor | طفيف,Minor | طفيف,Minor | طفيف,Minor | طفيف,Minor | طفيف,Minor | طفيف,Minor | طفيف,Minor | طفيف,Minor | طفيف,Minor | طفيف,Severe | شديد,Minor | طفيف,Minor | طفيف,Minor | طفيف,Minor | طفيف,Minor | طفيف,Minor | طفيف,,,,,,,,,,116052616,2020-08-13T14:25:05.252+03:00,,,,,,,,,,,,,,,,,,,,,,,,,
FE53,Frontline Engineers,Shelter,Unknown,,,,"Moderate Damage, repair needs to be done, No evacuation",33.89322,35.533554,15.675000190734863,,,,,,,,,,,Minor | طفيف,,,,,,,,,,,,,,1,,116052856,2020-08-13T14:18:22.666+03:00,,,,,,,,,,,,,,,,,,,,,,,,,
FE54,Frontline Engineers,Shelter,Unknown,,,,"No Damage, No evacuation",33.893081,35.533674,65,,,,,,,,,,,Major | كبير,,,,,,,,,,,,,,,,116052963,2020-08-13T14:04:29.730+03:00,,,,,,,,,,,,,,,,,,,,,,,,,
FE55,Frontline Engineers,Shelter,Unknown,,,,"No Damage, No evacuation",33.893108,35.533075,17.115999221801758,,,,,,,,,,,,,,,,,,,,,,,,,1,,116214285,2020-08-14T10:31:37.594+03:00,,,,,,,,,,,,,,,,,,,,,,,,,
FE56,Frontline Engineers,Shelter,Unknown,,,,,33.893108,35.533075,17.115999221801758,,Minor | طفيف,,,,,,,,,,,,,,,,,,,,,,,2,,116215321,2020-08-14T10:42:22.485+03:00,,,,,,,,,,,,,,,,,,,,,,,,,
FE57,Frontline Engineers,Shelter,Unknown,,,,,33.893108,35.533075,17.115999221801758,,,,,,,,,,,,,,,,,,,,,,,,,3(2 ocardion 1 maintenance,,116215956,2020-08-14T10:54:23.230+03:00,,,,,,,,,,,,,,,,,,,,,,,,,
FE58,Frontline Engineers,Shelter,Unknown,,,,"No Damage, No evacuation",33.89327,35.533197,15.175999641418457,,,,,,,,,,,,,,,,,,,,,,,,,,,116219338,2020-08-14T11:21:02.541+03:00,,,,,,,,,,,,,,,,,,,,,,,,,
FE59,Frontline Engineers,Shelter,Unknown,,,,,33.89327,35.533197,15.175999641418457,,,,,,,,,,,,,,,,,,,,,,,,,,,116220738,2020-08-14T11:31:58.736+03:00,,,,,,,,,,,,,,,,,,,,,,,,,
FE60,Frontline Engineers,Shelter,Unknown,,,,,33.893375,35.533039,23.315000534057617,,,,,,,,,,,,,,,,,,,,,,,,,,,116226217,2020-08-14T12:05:37.969+03:00,,,,,,,,,,,,,,,,,,,,,,,,,
FE61,Frontline Engineers,Shelter,Unknown,,,,,33.89331,35.532904,24.667999267578125,,,,,,,,,,,,,,,,,,,,,,,,,3,,116229458,2020-08-14T12:21:32.000+03:00,,,,,,,,,,,,,,,,,,,,,,,,,
FE62,Frontline Engineers,Shelter,Unknown,,,,,33.89331,35.532904,24.667999267578125,,,,,,,,,,,,,,,,,,,,,,,,,2,,116230212,2020-08-14T12:46:32.228+03:00,,,,,,,,,,,,,,,,,,,,,,,,,
FE63,Frontline Engineers,Shelter,Unknown,,,,"Moderate Damage, repair needs to be done, No evacuation",33.893601,35.533713,17.047000885009766,,,,,,,,,,,Major | كبير,,,,,,,,,,,,,,,,116377558,2020-08-15T10:00:12.853+03:00,,,,,,,,,,,,,,,,,,,,,,,,,
FE64,Frontline Engineers,Shelter,Unknown,,,,"Moderate Damage, repair needs to be done, No evacuation",33.893672,35.533763,16.134000778198242,,,,,,,,,,,,,,,,,,,,,,,,,2 door broken,,116379145,2020-08-15T10:13:21.977+03:00,,,,,,,,,,,,,,,,,,,,,,,,,
FE65,Frontline Engineers,Shelter,Unknown,,,,"Moderate Damage, repair needs to be done, No evacuation",33.893659,35.533781,16.086000442504883,,,,,,,,,,,,,,,,,,,,,,,,,3,,116380391,2020-08-15T10:29:39.113+03:00,,,,,,,,,,,,,,,,,,,,,,,,,
FE66,Frontline Engineers,Shelter,Unknown,,,,"Moderate Damage, repair needs to be done, No evacuation",33.893657,35.533691,16.798999786376953,,,,,,,,,,,,,,,,,,,,,,,,,,,116380808,2020-08-15T10:41:17.978+03:00,,,,,,,,,,,,,,,,,,,,,,,,,
FE67,Frontline Engineers,Shelter,Unknown,,,,"No Damage, No evacuation",33.891736,35.516013,200,,,,,,,,,,,,,,,,,,,,,,,,,2,,116383143,2020-08-15T10:48:00.188+03:00,,,,,,,,,,,,,,,,,,,,,,,,,
FE68,Frontline Engineers,Shelter,Unknown,,,,,33.891004,35.513618,1000,,,,,,,,,,,,,,,,,,,,,,,,,2,,116383659,2020-08-15T11:01:24.773+03:00,,,,,,,,,,,,,,,,,,,,,,,,,
FE69,Frontline Engineers,Shelter,Unknown,,,,"No Damage, No evacuation",33.891004,35.513618,1000,,,,,,,,,,,,,,,,,,,,,,,,,2,,116384827,2020-08-15T11:05:21.828+03:00,,,,,,,,,,,,,,,,,,,,,,,,,
FE70,Frontline Engineers,Shelter,Unknown,,,,"No Damage, No evacuation",33.891004,35.513618,1000,,,,,,,,,,,,,,,,,,,,,,,,,,,116385773,2020-08-15T11:13:09.099+03:00,,,,,,,,,,,,,,,,,,,,,,,,,
FE71,Frontline Engineers,Shelter,Unknown,,,,"Moderate Damage, repair needs to be done, No evacuation",33.893685,35.533651,15.557999610900879,Minor | طفيف,Major | كبير,,,,,,,,,,,,,,,,,,,,,,,,,116386490,2020-08-15T10:45:16.123+03:00,,,,,,,,,,,,,,,,,,,,,,,,,
FE72,Frontline Engineers,Shelter,Unknown,,,,"No Damage, No evacuation",33.89211,35.51396,1000,,,,,,,,,,,,,,,,,,,,,,,,,,,116387043,2020-08-15T11:18:31.315+03:00,,,,,,,,,,,,,,,,,,,,,,,,,
FE73,Frontline Engineers,Shelter,Unknown,,,,"Moderate Damage, repair needs to be done, No evacuation",33.890672,35.514584,65,Minor | طفيف,Major | كبير,Minor | طفيف,Minor | طفيف,Minor | طفيف,Minor | طفيف,Minor | طفيف,Major | كبير,Minor | طفيف,Minor | طفيف,Major | كبير,Minor | طفيف,Minor | طفيف,Minor | طفيف,Minor | طفيف,Minor | طفيف,Minor | طفيف,,,,,,,,0,,116387224,2020-08-15T10:43:11.230+03:00,,,,,,,,,,,,,,,,,,,,,,,,,
FE74,Frontline Engineers,Shelter,Unknown,,,,"Moderate Damage, repair needs to be done, No evacuation",33.872201,35.526791,65,Minor | طفيف,Major | كبير,Minor | طفيف,Minor | طفيف,Minor | طفيف,Minor | طفيف,Minor | طفيف,Minor | طفيف,Minor | طفيف,Minor | طفيف,Major | كبير,Minor | طفيف,Minor | طفيف,Minor | طفيف,Minor | طفيف,Minor | طفيف,Minor | طفيف,,,,,,,,"3 in total- 2 wooden, 1 entrance Door lock",,116387922,2020-08-15T08:55:26.000+03:00,,,,,,,,,,,,,,,,,,,,,,,,,
FE75,Frontline Engineers,Shelter,Unknown,,,,"No Damage, No evacuation",33.891432,35.516013,100,,,,,,,,,,,,,,,,,,,,,,,,,,,116387985,2020-08-15T11:25:11.749+03:00,,,,,,,,,,,,,,,,,,,,,,,,,
FE76,Frontline Engineers,Shelter,Unknown,,,,"Moderate Damage, repair needs to be done, No evacuation",33.893694,35.533346,27.187999725341797,,,,,,,,,,,,,,,,,,,,,,,,,,,116388985,2020-08-15T11:21:51.342+03:00,,,,,,,,,,,,,,,,,,,,,,,,,
FE77,Frontline Engineers,Shelter,Unknown,,,,"Moderate Damage, repair needs to be done, No evacuation",33.890666,35.51429,65,Minor | طفيف,Minor | طفيف,Minor | طفيف,Minor | طفيف,Minor | طفيف,Minor | طفيف,Major | كبير,Minor | طفيف,Minor | طفيف,Minor | طفيف,Minor | طفيف,Minor | طفيف,Minor | طفيف,Minor | طفيف,Minor | طفيف,Minor | طفيف,Minor | طفيف,,,,,,,,16,,116389069,2020-08-15T10:57:50.178+03:00,,,,,,,,,,,,,,,,,,,,,,,,,
FE78,Frontline Engineers,Shelter,Unknown,,,,"Moderate Damage, repair needs to be done, No evacuation",33.893735,35.533481,32.78499984741211,,,,,,,,,,,,,,,,,,,,,,,,,,,116390320,2020-08-15T11:38:13.538+03:00,,,,,,,,,,,,,,,,,,,,,,,,,
FE79,Frontline Engineers,Shelter,Unknown,,,,"No Damage, No evacuation",33.891242,35.514388,22.38457018422781,Major | كبير,Major | كبير,Minor | طفيف,Minor | طفيف,Minor | طفيف,Minor | طفيف,Minor | طفيف,Minor | طفيف,Minor | طفيف,Minor | طفيف,Minor | طفيف,Minor | طفيف,Minor | طفيف,Minor | طفيف,Minor | طفيف,Minor | طفيف,Minor | طفيف,,,,,,,,0,,116390332,2020-08-15T11:26:49.341+03:00,,,,,,,,,,,,,,,,,,,,,,,,,
FE80,Frontline Engineers,Shelter,Unknown,,,,"No Damage, No evacuation",33.893619,35.533475,65,,,,,,,,,,,,,,,,,,,,,,,,,,,116390595,2020-08-15T11:28:38.071+03:00,,,,,,,,,,,,,,,,,,,,,,,,,
FE81,Frontline Engineers,Shelter,Unknown,,,,"No Damage, No evacuation",33.893578,35.533132,65,,,,,,,,,,,,,,,,,,,,,,,,,,,116392418,2020-08-15T11:49:03.655+03:00,,,,,,,,,,,,,,,,,,,,,,,,,
FE82,Frontline Engineers,Shelter,Unknown,,,,"No Damage, No evacuation",33.892031,35.513276,899.9990234375,,Major | كبير,,,,,,,,,Severe | شديد,,,,Major | كبير,,,,,,,,,,,,116394178,2020-08-15T11:31:12.954+03:00,,,,,,,,,,,,,,,,,,,,,,,,,
FE83,Frontline Engineers,Shelter,Unknown,,,,"Heavy Damage, Evacuation needed repairs should be done as soon as possible ",33.890802,35.51508,65,Severe | شديد,Major | كبير,Major | كبير,Minor | طفيف,Minor | طفيف,Minor | طفيف,Minor | طفيف,Minor | طفيف,Minor | طفيف,Minor | طفيف,Severe | شديد,Minor | طفيف,Minor | طفيف,Major | كبير,Major | كبير,Severe | شديد,Major | كبير,,,,,,,,,,116394318,2020-08-15T11:39:13.562+03:00,,,,,,,,,,,,,,,,,,,,,,,,,
FE84,Frontline Engineers,Shelter,Unknown,,,,"No Damage, No evacuation",33.890924,35.514048,65,Minor | طفيف,Minor | طفيف,Minor | طفيف,Minor | طفيف,Minor | طفيف,Minor | طفيف,Minor | طفيف,Major | كبير,Minor | طفيف,Minor | طفيف,Minor | طفيف,Minor | طفيف,Minor | طفيف,Minor | طفيف,Minor | طفيف,Minor | طفيف,Minor | طفيف,,,,,,,,3,,116394460,2020-08-15T12:03:38.197+03:00,,,,,,,,,,,,,,,,,,,,,,,,,
FE85,Frontline Engineers,Shelter,Unknown,,,,"Moderate Damage, repair needs to be done, No evacuation",33.89388,35.533477,39.599998474121094,,,,,,,,,,,,,,,,,,,,,,,,,,,116396073,2020-08-15T11:47:22.942+03:00,,,,,,,,,,,,,,,,,,,,,,,,,
FE86,Frontline Engineers,Shelter,Unknown,,,,,33.893747,35.533606,65,,,,,,,,,,,,,,,,,,,,,,,,,,,116396119,2020-08-15T11:59:55.475+03:00,,,,,,,,,,,,,,,,,,,,,,,,,
FE87,Frontline Engineers,Shelter,Unknown,,,,"No Damage, No evacuation",33.893722,35.533618,65,,,,,,,,,,,,,,,,,,,,,,,,,,,116398124,2020-08-15T12:23:57.652+03:00,,,,,,,,,,,,,,,,,,,,,,,,,
FE88,Frontline Engineers,Shelter,Unknown,,,,"Moderate Damage, repair needs to be done, No evacuation",33.893759,35.53362,14.821999549865723,,,,,,,,,,,,,,,,,,,,,,,,,,,116399510,2020-08-15T12:23:38.071+03:00,,,,,,,,,,,,,,,,,,,,,,,,,
FE89,Frontline Engineers,Shelter,Unknown,,,,"Moderate Damage, repair needs to be done, No evacuation",33.890997,35.514817,65,Minor | طفيف,Minor | طفيف,Minor | طفيف,Minor | طفيف,Minor | طفيف,Minor | طفيف,Minor | طفيف,Minor | طفيف,Minor | طفيف,Minor | طفيف,Major | كبير,Minor | طفيف,Minor | طفيف,Minor | طفيف,Minor | طفيف,Major | كبير,Major | كبير,,,,,,,,1,,116399526,2020-08-15T12:12:22.012+03:00,,,,,,,,,,,,,,,,,,,,,,,,,
FE90,Frontline Engineers,Shelter,Unknown,,,,"Moderate Damage, repair needs to be done, No evacuation",33.893727,35.533633,13.699999809265137,,,,,,,,,,,,,,,,,,,,,,,,,,,116400238,2020-08-15T12:43:30.155+03:00,,,,,,,,,,,,,,,,,,,,,,,,,
FE91,Frontline Engineers,Shelter,Unknown,,,,"Moderate Damage, repair needs to be done, No evacuation",33.890698,35.515147,10,Minor | طفيف,Minor | طفيف,Minor | طفيف,Minor | طفيف,Minor | طفيف,Minor | طفيف,Minor | طفيف,Minor | طفيف,Minor | طفيف,Minor | طفيف,Major | كبير,Minor | طفيف,Minor | طفيف,Minor | طفيف,Minor | طفيف,Major | كبير,Major | كبير,,,,,,,,,,116401167,2020-08-15T12:43:42.055+03:00,,,,,,,,,,,,,,,,,,,,,,,,,
FE92,Frontline Engineers,Shelter,Unknown,,,,"Moderate Damage, repair needs to be done, No evacuation",33.893713,35.533676,12.51200008392334,,,,,,,,,,,,,,,,,,,,,,,,,,,116401931,2020-08-15T12:46:34.417+03:00,,,,,,,,,,,,,,,,,,,,,,,,,
FE93,Frontline Engineers,Shelter,Unknown,,,,"No Damage, No evacuation",33.89107,35.514169,65,Minor | طفيف,Major | كبير,Minor | طفيف,Minor | طفيف,,,,,,,,,,,,,,,,,,,,,3,,116402998,2020-08-15T12:13:26.027+03:00,,,,,,,,,,,,,,,,,,,,,,,,,
FE94,Frontline Engineers,Shelter,Unknown,,,,"No Damage, No evacuation",33.891154,35.514538,65,,,,,,,,,,,,,,,,,,,,,,,,,0,,116404298,2020-08-15T13:02:23.204+03:00,,,,,,,,,,,,,,,,,,,,,,,,,
FE95,Frontline Engineers,Shelter,Unknown,,,,"Moderate Damage, repair needs to be done, No evacuation",33.893691,35.533667,13.361000061035156,,,,,,,,,,,,,,,,,,,,,,,,,,,116406333,2020-08-15T12:56:52.426+03:00,,,,,,,,,,,,,,,,,,,,,,,,,
FE96,Frontline Engineers,Shelter,Unknown,,,,"No Damage, No evacuation",33.893663,35.533671,20,,,,,,,,,,,,,,,,,,,,,,,,,,,116406366,2020-08-15T12:36:35.707+03:00,,,,,,,,,,,,,,,,,,,,,,,,,
FE97,Frontline Engineers,Shelter,Unknown,,,,"Major damage, Evacuation needed for the Building and the Building nearby",33.89371,35.53369,11.989999771118164,Severe | شديد,Severe | شديد,,,,,,,,,,,,,,,,,,,,,,,,,116406716,2020-08-15T13:22:14.880+03:00,,,,,,,,,,,,,,,,,,,,,,,,,
FE98,Frontline Engineers,Shelter,Unknown,,,,,33.89117,35.514354,65,,,,,,,,,,,,,,,,,,,,,,,,,1,,116407689,2020-08-15T13:08:33.281+03:00,,,,,,,,,,,,,,,,,,,,,,,,,
FE99,Frontline Engineers,Shelter,Unknown,,,,"Major damage, Evacuation needed for the Building and the Building nearby",33.8916825,35.5154092,1,Major | كبير,Major | كبير,Severe | شديد,Severe | شديد,Severe | شديد,Severe | شديد,Minor | طفيف,Major | كبير,Major | كبير,,Severe | شديد,Severe | شديد,Severe | شديد,Severe | شديد,Severe | شديد,,Severe | شديد,,,,,,,,,,116573168,2020-08-16T15:10:15.392+03:00,,,,,,,,,,,,,,,,,,,,,,,,,
FE100,Frontline Engineers,Shelter,Unknown,,,,"Moderate Damage, repair needs to be done, No evacuation",33.894048,35.533709,16.246999740600586,,,,,,,,,,,,,,,,,,,,,,,,,1,,116684626,2020-08-17T10:29:02.506+03:00,,,,,,,,,,,,,,,,,,,,,,,,,
FE101,Frontline Engineers,Shelter,Unknown,,,,,33.891387,35.514302,1000,,,,,,,,,,,,,,,,,,,,,,,,,2,,116684705,2020-08-15T12:02:48.538+03:00,,,,,,,,,,,,,,,,,,,,,,,,,
FE102,Frontline Engineers,Shelter,Unknown,,,,"Moderate Damage, repair needs to be done, No evacuation",33.894524,35.53363,15.213000297546387,,,Minor | طفيف,,,,,,,,,,,,Minor | طفيف,,,,,,,,,,2,,116687249,2020-08-17T11:05:09.777+03:00,,,,,,,,,,,,,,,,,,,,,,,,,
FE103,Frontline Engineers,Shelter,Unknown,,,,"Moderate Damage, repair needs to be done, No evacuation",33.89211,35.51396,899.9990234375,,,,,,,,,,,,,,,,,,,,,,,,,,,116687320,2020-08-17T11:08:36.794+03:00,,,,,,,,,,,,,,,,,,,,,,,,,
FE104,Frontline Engineers,Shelter,Unknown,,,,"Major damage, Evacuation needed for the Building and the Building nearby",33.891083,35.514302,1000,Severe | شديد,Severe | شديد,Major | كبير,,,,,,,,Severe | شديد,,,,,,Severe | شديد,,,,,,,,,,116689882,2020-08-17T11:05:03.736+03:00,,,,,,,,,,,,,,,,,,,,,,,,,
FE105,Frontline Engineers,Shelter,Unknown,,,,"Moderate Damage, repair needs to be done, No evacuation",33.89087,35.515202,10,Minor | طفيف,Minor | طفيف,Minor | طفيف,Minor | طفيف,Minor | طفيف,Minor | طفيف,Minor | طفيف,Minor | طفيف,Minor | طفيف,Minor | طفيف,Major | كبير,Major | كبير,Minor | طفيف,Minor | طفيف,Minor | طفيف,Minor | طفيف,Minor | طفيف,,,,,,,,7,,116690484,2020-08-17T10:19:32.094+03:00,,,,,,,,,,,,,,,,,,,,,,,,,
FE106,Frontline Engineers,Shelter,Unknown,,,,"Moderate Damage, repair needs to be done, No evacuation",33.891777,35.515023,54.6349983215332,,,,,,,,,,,,,,,,,,,,,,,,,,,116694626,2020-08-17T11:16:55.565+03:00,,,,,,,,,,,,,,,,,,,,,,,,,
FE107,Frontline Engineers,Shelter,Unknown,,,,,33.894112,35.533769,19.965999603271484,,,,,,,,,,,,,,,,,,,,,,,,,1,,116695184,2020-08-17T11:16:41.203+03:00,,,,,,,,,,,,,,,,,,,,,,,,,
FE108,Frontline Engineers,Shelter,Unknown,,,,"Moderate Damage, repair needs to be done, No evacuation",33.891812,35.514863,14.267000198364258,,,,,,,,,,,,,,,,,,,,,,,,,,,116699444,2020-08-17T11:41:14.298+03:00,,,,,,,,,,,,,,,,,,,,,,,,,
FE109,Frontline Engineers,Shelter,Unknown,,,,"Moderate Damage, repair needs to be done, No evacuation",33.891187,35.513615,10,Minor | طفيف,Major | كبير,Minor | طفيف,Minor | طفيف,Minor | طفيف,Minor | طفيف,Minor | طفيف,Minor | طفيف,Minor | طفيف,Minor | طفيف,Major | كبير,Major | كبير,Major | كبير,Major | كبير,Minor | طفيف,Minor | طفيف,Minor | طفيف,,,,,,,,,,116701387,2020-08-17T11:28:35.520+03:00,,,,,,,,,,,,,,,,,,,,,,,,,
FE110,Frontline Engineers,Shelter,Unknown,,,,"Moderate Damage, repair needs to be done, No evacuation",33.891772,35.514936,18.047000885009766,,,,,,,,,,,,,,,,,,,,,,,,,,,116705671,2020-08-17T11:55:50.850+03:00,,,,,,,,,,,,,,,,,,,,,,,,,
FE111,Frontline Engineers,Shelter,Unknown,,,,"No Damage, No evacuation",33.89456,35.533963,15.553999900817871,,,,,,,,,,,,,,,Major | كبير,,,,,,,,,,2,,116707425,2020-08-17T11:43:07.345+03:00,,,,,,,,,,,,,,,,,,,,,,,,,
FE112,Frontline Engineers,Shelter,Unknown,,,,"No Damage, No evacuation",33.894483,35.533807,22.576000213623047,,,,,,,,,,,,,,,,,,,,,,,,,,,116709294,2020-08-17T12:24:55.240+03:00,,,,,,,,,,,,,,,,,,,,,,,,,
FE113,Frontline Engineers,Shelter,Unknown,,,,"No Damage, No evacuation",33.894533,35.533802,21.988000869750977,,,,,,,,,,,,,,,,,,,,,,,,,,,116710973,2020-08-17T12:32:36.435+03:00,,,,,,,,,,,,,,,,,,,,,,,,,
FE114,Frontline Engineers,Shelter,Unknown,,,,,33.892267,35.515329,800,,,,,,,,,,,,,,,,,,,,,,,,,,,116712154,2020-08-17T12:25:04.212+03:00,,,,,,,,,,,,,,,,,,,,,,,,,
FE115,Frontline Engineers,Shelter,Unknown,,,,"Moderate Damage, repair needs to be done, No evacuation",33.894615,35.533977,14.41100025177002,,,,,,,,,,,,,,,,,,,,,,,,,,,116713544,2020-08-17T12:43:05.342+03:00,,,,,,,,,,,,,,,,,,,,,,,,,
FE116,Frontline Engineers,Shelter,Unknown,,,,,33.89211,35.51396,1000,Major | كبير,Major | كبير,,,,,,,,,,,,,,,,,,,,,,,,,116713860,2020-08-17T12:40:11.056+03:00,,,,,,,,,,,,,,,,,,,,,,,,,
FE117,Frontline Engineers,Shelter,Unknown,,,,"Moderate Damage, repair needs to be done, No evacuation",33.894592,35.533928,12.769000053405762,,,,,,,,,,,,,,,,,,,,,,,,,,,116714509,2020-08-17T12:49:03.741+03:00,,,,,,,,,,,,,,,,,,,,,,,,,
FE118,Frontline Engineers,Shelter,Unknown,,,,,33.894571,35.533973,16.97800064086914,,,,,,,,,,,,,,,,,,,,,,,,,,,116715893,2020-08-17T12:53:34.704+03:00,,,,,,,,,,,,,,,,,,,,,,,,,
FE119,Frontline Engineers,Shelter,Unknown,,,,"Moderate Damage, repair needs to be done, No evacuation",33.89412,35.533798,15.829000473022461,Minor | طفيف,,,,,,,,,,,,,,,,,,,,,,,,1,,116720982,2020-08-17T12:58:22.491+03:00,,,,,,,,,,,,,,,,,,,,,,,,,
FE120,Frontline Engineers,Shelter,Unknown,,,,"Moderate Damage, repair needs to be done, No evacuation",33.890156,35.515348,10,Major | كبير,Major | كبير,Minor | طفيف,Minor | طفيف,Minor | طفيف,Minor | طفيف,Minor | طفيف,Minor | طفيف,Minor | طفيف,Minor | طفيف,Major | كبير,Minor | طفيف,Minor | طفيف,Minor | طفيف,Minor | طفيف,Minor | طفيف,Major | كبير,,,,,,,,,,116721804,2020-08-17T12:00:06.582+03:00,,,,,,,,,,,,,,,,,,,,,,,,,
FE121,Frontline Engineers,Shelter,Unknown,,,,"Heavy Damage, Evacuation needed repairs should be done as soon as possible ",33.8933,35.5205,0,Major | كبير,Minor | طفيف,,Minor | طفيف,Minor | طفيف,Minor | طفيف,Minor | طفيف,Minor | طفيف,Minor | طفيف,Minor | طفيف,Major | كبير,Minor | طفيف,Minor | طفيف,Major | كبير,Severe | شديد,Major | كبير,Major | كبير,,,,,,,,1,,116722626,2020-08-17T13:05:51.391+03:00,,,,,,,,,,,,,,,,,,,,,,,,,
FE122,Frontline Engineers,Shelter,Unknown,,,,"Moderate Damage, repair needs to be done, No evacuation",33.890296,35.515095,10,Minor | طفيف,Minor | طفيف,Minor | طفيف,Minor | طفيف,Minor | طفيف,Minor | طفيف,Minor | طفيف,Minor | طفيف,Minor | طفيف,Minor | طفيف,Major | كبير,Minor | طفيف,Minor | طفيف,Minor | طفيف,Minor | طفيف,Minor | طفيف,Minor | طفيف,,,,,,,,,,116722810,2020-08-17T13:17:44.643+03:00,,,,,,,,,,,,,,,,,,,,,,,,,
FE123,Frontline Engineers,Shelter,Unknown,,,,"Moderate Damage, repair needs to be done, No evacuation",33.89018,35.515163,10,Minor | طفيف,Minor | طفيف,Minor | طفيف,Minor | طفيف,Minor | طفيف,Minor | طفيف,Minor | طفيف,Minor | طفيف,Minor | طفيف,Minor | طفيف,Minor | طفيف,Minor | طفيف,Minor | طفيف,Minor | طفيف,Minor | طفيف,Minor | طفيف,Minor | طفيف,,,,,,,,,,116724203,2020-08-17T13:25:59.409+03:00,,,,,,,,,,,,,,,,,,,,,,,,,
FE124,Frontline Engineers,Shelter,Unknown,,,,"Moderate Damage, repair needs to be done, No evacuation",33.894573,35.534003,13.5,,,,,,,,,,,,,,,,,,,,,,,,,1,,116726748,2020-08-17T13:18:36.911+03:00,,,,,,,,,,,,,,,,,,,,,,,,,
FE125,Frontline Engineers,Shelter,Unknown,,,,,33.894402,35.520523,65,,,,,,,,,,,,,,,,,,,,,,,,,6,,116726768,2020-08-17T13:35:47.378+03:00,,,,,,,,,,,,,,,,,,,,,,,,,
FE126,Frontline Engineers,Shelter,Unknown,,,,,33.8915,35.51396,899.9990234375,,,,,,,,,,,,,,,,,,,,,,,,,,,116728864,2020-08-17T13:18:08.438+03:00,,,,,,,,,,,,,,,,,,,,,,,,,
FE127,Frontline Engineers,Shelter,Unknown,,,,,33.891692,35.514302,500,Major | كبير,Major | كبير,,,,,,Major | كبير,,,Major | كبير,,Major | كبير,Major | كبير,,,,,,,,,,,,,116732662,2020-08-17T13:46:58.893+03:00,,,,,,,,,,,,,,,,,,,,,,,,,
FE128,Frontline Engineers,Shelter,Unknown,,,,,33.89438,35.520308,65,,,,,,,,,,,,,,,,,,,,,,,,,4,,116741559,2020-08-17T13:51:06.893+03:00,,,,,,,,,,,,,,,,,,,,,,,,,
FE129,Frontline Engineers,Shelter,Unknown,,,,"Moderate Damage, repair needs to be done, No evacuation",33.894509,35.520248,56.099998474121094,Minor | طفيف,Minor | طفيف,Major | كبير,Minor | طفيف,Minor | طفيف,Minor | طفيف,Minor | طفيف,Minor | طفيف,Minor | طفيف,Minor | طفيف,Severe | شديد,,,,,,,,,,,,,,10,,116745847,2020-08-17T11:43:23.652+03:00,,,,,,,,,,,,,,,,,,,,,,,,,
FE130,Frontline Engineers,Shelter,Unknown,,,,,33.892267,35.515329,800,,,,,,,,,,,,,,,,,,,,,,,,,,,116840924,2020-08-17T13:51:34.066+03:00,,,,,,,,,,,,,,,,,,,,,,,,,
FE131,Frontline Engineers,Shelter,Unknown,,,,"Moderate Damage, repair needs to be done, No evacuation",33.896656,35.534067,10,,,,,,,,,,,,,,,,,,,,,,,,,,,116908074,2020-08-17T12:13:46.779+03:00,,,,,,,,,,,,,,,,,,,,,,,,,
FE132,Frontline Engineers,Shelter,Unknown,,,,"Moderate Damage, repair needs to be done, No evacuation",33.894788,35.533838,10,,,,,,,,,,,,,,,,,,,,,,,,,,,116908920,2020-08-18T10:19:48.916+03:00,,,,,,,,,,,,,,,,,,,,,,,,,
FE133,Frontline Engineers,Shelter,Unknown,,,,"No Damage, No evacuation",33.894742,35.534039,10,,,,,,,,,,,,,,,,,,,,,,,,,,,116909170,2020-08-18T10:17:39.503+03:00,,,,,,,,,,,,,,,,,,,,,,,,,
FE134,Frontline Engineers,Shelter,Unknown,,,,"Moderate Damage, repair needs to be done, No evacuation",33.894837,35.533915,13.612000465393066,,,,,,,,,,,,,,,,,,,,,,,,,,,116911883,2020-08-18T10:55:17.838+03:00,,,,,,,,,,,,,,,,,,,,,,,,,
FE135,Frontline Engineers,Shelter,Unknown,,,,"Moderate Damage, repair needs to be done, No evacuation",33.894839,35.533843,11.567999839782715,,,,,,,,,,,,,,,,,,,,,,,,,,,116913062,2020-08-18T11:03:59.548+03:00,,,,,,,,,,,,,,,,,,,,,,,,,
FE136,Frontline Engineers,Shelter,Unknown,,,,"No Damage, No evacuation",33.894554,35.534038,10,,,,,,,,,,,,,,,,,,,,,,,,,,,116914330,2020-08-18T10:51:33.038+03:00,,,,,,,,,,,,,,,,,,,,,,,,,
FE137,Frontline Engineers,Shelter,Unknown,,,,"Moderate Damage, repair needs to be done, No evacuation",33.894808,35.534025,11.07699966430664,,,,,,,,,,,,,,,,,,,,,,,,,,,116915394,2020-08-18T11:20:38.155+03:00,,,,,,,,,,,,,,,,,,,,,,,,,
FE138,Frontline Engineers,Shelter,Unknown,,,,"No Damage, No evacuation",33.894702,35.53397,10,,,,,,,,,,,,,,,,,,,,,,,,,,,116915418,2020-08-18T11:06:24.098+03:00,,,,,,,,,,,,,,,,,,,,,,,,,
FE139,Frontline Engineers,Shelter,Unknown,,,,"No Damage, No evacuation",33.894708,35.533994,10,,,,,,,,,,,,,,,,,,,,,,,,,,,116917650,2020-08-18T11:22:48.518+03:00,,,,,,,,,,,,,,,,,,,,,,,,,
FE140,Frontline Engineers,Shelter,Unknown,,,,"Moderate Damage, repair needs to be done, No evacuation",33.895033,35.533995,13.102999687194824,,,,,,,,,,,,,,,,,,,,,,,,,,,116920492,2020-08-18T11:33:03.117+03:00,,,,,,,,,,,,,,,,,,,,,,,,,
FE141,Frontline Engineers,Shelter,Unknown,,,,"Moderate Damage, repair needs to be done, No evacuation",33.895065,35.534025,18.52400016784668,,,,,,,,,,,,,,,,,,,,,,,,,,,116921068,2020-08-18T11:43:34.687+03:00,,,,,,,,,,,,,,,,,,,,,,,,,
FE142,Frontline Engineers,Shelter,Unknown,,,,"No Damage, No evacuation",33.894643,35.53393,16.917999267578125,,,,,,,,,,,,,,,,,,,,,,,,,,,116921421,2020-08-18T11:34:55.140+03:00,,,,,,,,,,,,,,,,,,,,,,,,,
FE143,Frontline Engineers,Shelter,Unknown,,,,"No Damage, No evacuation",33.894669,35.534029,12.586999893188477,,,,,,,,,,,,,,,,,,,,,,,,,,,116924839,2020-08-18T11:58:11.279+03:00,,,,,,,,,,,,,,,,,,,,,,,,,
FE144,Frontline Engineers,Shelter,Unknown,,,,"Moderate Damage, repair needs to be done, No evacuation",33.894304,35.659668,98.4000015258789,Minor | طفيف,Minor | طفيف,Minor | طفيف,Minor | طفيف,Minor | طفيف,Minor | طفيف,Minor | طفيف,Minor | طفيف,Minor | طفيف,,Major | كبير,Minor | طفيف,Major | كبير,Minor | طفيف,Minor | طفيف,,Major | كبير,,,,,,,,4,,117000575,2020-08-17T13:12:14.873+03:00,,,,,,,,,,,,,,,,,,,,,,,,,
FE145,Frontline Engineers,Shelter,Unknown,,,,"Moderate Damage, repair needs to be done, No evacuation",33.89424,35.51994,128,Minor | طفيف,Minor | طفيف,Minor | طفيف,Minor | طفيف,Minor | طفيف,Minor | طفيف,Minor | طفيف,Minor | طفيف,Minor | طفيف,Minor | طفيف,Minor | طفيف,Minor | طفيف,Minor | طفيف,Minor | طفيف,Minor | طفيف,Minor | طفيف,Major | كبير,,,,,,,,5,,117001171,2020-08-17T13:04:10.503+03:00,,,,,,,,,,,,,,,,,,,,,,,,,
FE146,Frontline Engineers,Shelter,Unknown,,,,"Moderate Damage, repair needs to be done, No evacuation",33.894508,35.52018,23.724000930786133,Major | كبير,Major | كبير,Minor | طفيف,Minor | طفيف,Severe | شديد,Minor | طفيف,,,Severe | شديد,,Severe | شديد,,,,Minor | طفيف,Minor | طفيف,Minor | طفيف,,,,,,,,60,,117001357,2020-08-17T11:14:11.362+03:00,,,,,,,,,,,,,,,,,,,,,,,,,
FE147,Frontline Engineers,Shelter,Unknown,,,,"Moderate Damage, repair needs to be done, No evacuation",33.894373,35.52066,13.979999542236328,Minor | طفيف,Minor | طفيف,Minor | طفيف,Minor | طفيف,Minor | طفيف,Minor | طفيف,Minor | طفيف,Minor | طفيف,Minor | طفيف,Minor | طفيف,Minor | طفيف,Minor | طفيف,Minor | طفيف,Minor | طفيف,Minor | طفيف,Minor | طفيف,Major | كبير,,,,,,,,12,,117001693,2020-08-17T11:51:54.301+03:00,,,,,,,,,,,,,,,,,,,,,,,,,
FE148,Frontline Engineers,Shelter,Unknown,,,,"Moderate Damage, repair needs to be done, No evacuation",33.894455,35.520471,15.881999969482422,Minor | طفيف,Minor | طفيف,Minor | طفيف,Minor | طفيف,Minor | طفيف,Minor | طفيف,Minor | طفيف,Minor | طفيف,Minor | طفيف,Minor | طفيف,Severe | شديد,Minor | طفيف,Major | كبير,Minor | طفيف,Minor | طفيف,Minor | طفيف,Major | كبير,,,,,,,,2,,117002346,2020-08-17T11:58:52.748+03:00,,,,,,,,,,,,,,,,,,,,,,,,,
FE149,Frontline Engineers,Shelter,Unknown,,,,"Moderate Damage, repair needs to be done, No evacuation",33.894428,35.520441,188.3560028076172,Minor | طفيف,Minor | طفيف,Minor | طفيف,Minor | طفيف,Minor | طفيف,Minor | طفيف,Minor | طفيف,Minor | طفيف,Minor | طفيف,Minor | طفيف,Major | كبير,Minor | طفيف,Minor | طفيف,Minor | طفيف,Minor | طفيف,Minor | طفيف,Major | كبير,,,,,,,,5,,117002797,2020-08-17T12:57:42.266+03:00,,,,,,,,,,,,,,,,,,,,,,,,,
FE150,Frontline Engineers,Shelter,Unknown,,,,"Moderate Damage, repair needs to be done, No evacuation",33.894502,35.520318,21.125999450683594,Minor | طفيف,Minor | طفيف,Minor | طفيف,Minor | طفيف,Minor | طفيف,Minor | طفيف,Minor | طفيف,Minor | طفيف,Minor | طفيف,Minor | طفيف,Major | كبير,Minor | طفيف,Minor | طفيف,Minor | طفيف,Minor | طفيف,Minor | طفيف,Major | كبير,,,,,,,,5,,117003059,2020-08-17T12:51:54.146+03:00,,,,,,,,,,,,,,,,,,,,,,,,,
FE151,Frontline Engineers,Shelter,Unknown,,,,"Moderate Damage, repair needs to be done, No evacuation",33.895412,35.521488,1100,Minor | طفيف,Minor | طفيف,Minor | طفيف,Minor | طفيف,Minor | طفيف,Minor | طفيف,Minor | طفيف,Minor | طفيف,Minor | طفيف,Minor | طفيف,Major | كبير,Minor | طفيف,Minor | طفيف,Minor | طفيف,Minor | طفيف,Minor | طفيف,Major | كبير,,,,,,,,2,,117003993,2020-08-17T12:44:19.606+03:00,,,,,,,,,,,,,,,,,,,,,,,,,
FE152,Frontline Engineers,Shelter,Unknown,,,,"Moderate Damage, repair needs to be done, No evacuation",33.895412,35.521488,1100,Minor | طفيف,Minor | طفيف,Minor | طفيف,Minor | طفيف,Minor | طفيف,Minor | طفيف,Minor | طفيف,Minor | طفيف,Minor | طفيف,Minor | طفيف,Major | كبير,Minor | طفيف,Minor | طفيف,Minor | طفيف,Minor | طفيف,Minor | طفيف,Major | كبير,,,,,,,,3,,117004406,2020-08-17T12:37:40.040+03:00,,,,,,,,,,,,,,,,,,,,,,,,,
FE153,Frontline Engineers,Shelter,Unknown,,,,"Moderate Damage, repair needs to be done, No evacuation",33.894352,35.520759,18.566999435424805,Minor | طفيف,Minor | طفيف,Minor | طفيف,Minor | طفيف,Minor | طفيف,Minor | طفيف,Minor | طفيف,Minor | طفيف,Minor | طفيف,Minor | طفيف,Major | كبير,Minor | طفيف,Minor | طفيف,Minor | طفيف,Minor | طفيف,Minor | طفيف,Major | كبير,,,,,,,,4,,117004728,2020-08-17T12:27:57.389+03:00,,,,,,,,,,,,,,,,,,,,,,,,,
FE154,Frontline Engineers,Shelter,Unknown,,,,"Moderate Damage, repair needs to be done, No evacuation",33.89415,35.520437,39.762001037597656,Minor | طفيف,Minor | طفيف,Minor | طفيف,Minor | طفيف,Minor | طفيف,Minor | طفيف,Minor | طفيف,Minor | طفيف,Minor | طفيف,Minor | طفيف,Major | كبير,Minor | طفيف,Minor | طفيف,Minor | طفيف,Minor | طفيف,Minor | طفيف,Major | كبير,,,,,,,,1,,117005625,2020-08-17T12:22:27.804+03:00,,,,,,,,,,,,,,,,,,,,,,,,,
FE155,Frontline Engineers,Shelter,Unknown,,,,"Moderate Damage, repair needs to be done, No evacuation",33.894453,35.520534,36.742000579833984,Minor | طفيف,Minor | طفيف,Minor | طفيف,Minor | طفيف,Minor | طفيف,Minor | طفيف,Minor | طفيف,Minor | طفيف,Minor | طفيف,Minor | طفيف,Major | كبير,Minor | طفيف,Minor | طفيف,Minor | طفيف,Minor | طفيف,Minor | طفيف,Major | كبير,,,,,,,,3,,117006033,2020-08-17T12:15:34.266+03:00,,,,,,,,,,,,,,,,,,,,,,,,,
FE156,Frontline Engineers,Shelter,Unknown,,,,"Moderate Damage, repair needs to be done, No evacuation",33.894346,35.520096,128.4499969482422,Minor | طفيف,Minor | طفيف,Minor | طفيف,Minor | طفيف,Minor | طفيف,Minor | طفيف,Minor | طفيف,Minor | طفيف,Minor | طفيف,Minor | طفيف,Major | كبير,Minor | طفيف,Major | كبير,Minor | طفيف,Minor | طفيف,Minor | طفيف,Major | كبير,,,,,,,,9,,117006686,2020-08-17T12:10:32.470+03:00,,,,,,,,,,,,,,,,,,,,,,,,,
FE157,Frontline Engineers,Shelter,Unknown,,,,,,,,,,,,,,,,,,,,,,,,,,,,,,,,,,,,,,,,,,,,,,,,,,,,,,,,,,,,
FE158,Frontline Engineers,Shelter,Unknown,,,,,,,,,,,,,,,,,,,,,,,,,,,,,,,,,,,,,,,,,,,,,,,,,,,,,,,,,,,,
FE159,Frontline Engineers,Shelter,Unknown,,,,,,,,,,,,,,,,,,,,,,,,,,,,,,,,,,,,,,,,,,,,,,,,,,,,,,,,,,,,
FE160,Frontline Engineers,Shelter,Unknown,,,,,,,,,,,,,,,,,,,,,,,,,,,,,,,,,,,,,,,,,,,,,,,,,,,,,,,,,,,,
FE161,Frontline Engineers,Shelter,Unknown,,,,,,,,,,,,,,,,,,,,,,,,,,,,,,,,,,,,,,,,,,,,,,,,,,,,,,,,,,,,
FE162,Frontline Engineers,Shelter,Unknown,,,,,,,,,,,,,,,,,,,,,,,,,,,,,,,,,,,,,,,,,,,,,,,,,,,,,,,,,,,,
FE163,Frontline Engineers,Shelter,Unknown,,,,,,,,,,,,,,,,,,,,,,,,,,,,,,,,,,,,,,,,,,,,,,,,,,,,,,,,,,,,
FE164,Frontline Engineers,Shelter,Unknown,,,,,,,,,,,,,,,,,,,,,,,,,,,,,,,,,,,,,,,,,,,,,,,,,,,,,,,,,,,,
FE165,Frontline Engineers,Shelter,Unknown,,,,,,,,,,,,,,,,,,,,,,,,,,,,,,,,,,,,,,,,,,,,,,,,,,,,,,,,,,,,
FE166,Frontline Engineers,Shelter,Unknown,,,,,,,,,,,,,,,,,,,,,,,,,,,,,,,,,,,,,,,,,,,,,,,,,,,,,,,,,,,,
FE167,Frontline Engineers,Shelter,Unknown,,,,,,,,,,,,,,,,,,,,,,,,,,,,,,,,,,,,,,,,,,,,,,,,,,,,,,,,,,,,
FE168,Frontline Engineers,Shelter,Unknown,,,,,,,,,,,,,,,,,,,,,,,,,,,,,,,,,,,,,,,,,,,,,,,,,,,,,,,,,,,,
FE169,Frontline Engineers,Shelter,Unknown,,,,,,,,,,,,,,,,,,,,,,,,,,,,,,,,,,,,,,,,,,,,,,,,,,,,,,,,,,,,
FE170,Frontline Engineers,Shelter,Unknown,,,,,,,,,,,,,,,,,,,,,,,,,,,,,,,,,,,,,,,,,,,,,,,,,,,,,,,,,,,,
FE171,Frontline Engineers,Shelter,Unknown,,,,,,,,,,,,,,,,,,,,,,,,,,,,,,,,,,,,,,,,,,,,,,,,,,,,,,,,,,,,
FE172,Frontline Engineers,Shelter,Unknown,,,,,,,,,,,,,,,,,,,,,,,,,,,,,,,,,,,,,,,,,,,,,,,,,,,,,,,,,,,,
FE173,Frontline Engineers,Shelter,Unknown,,,,,,,,,,,,,,,,,,,,,,,,,,,,,,,,,,,,,,,,,,,,,,,,,,,,,,,,,,,,
FE174,Frontline Engineers,Shelter,Unknown,,,,,,,,,,,,,,,,,,,,,,,,,,,,,,,,,,,,,,,,,,,,,,,,,,,,,,,,,,,,
FE175,Frontline Engineers,Shelter,Unknown,,,,,,,,,,,,,,,,,,,,,,,,,,,,,,,,,,,,,,,,,,,,,,,,,,,,,,,,,,,,
FE176,Frontline Engineers,Shelter,Unknown,,,,,,,,,,,,,,,,,,,,,,,,,,,,,,,,,,,,,,,,,,,,,,,,,,,,,,,,,,,,
FE177,Frontline Engineers,Shelter,Unknown,,,,,,,,,,,,,,,,,,,,,,,,,,,,,,,,,,,,,,,,,,,,,,,,,,,,,,,,,,,,
FE178,Frontline Engineers,Shelter,Unknown,,,,,,,,,,,,,,,,,,,,,,,,,,,,,,,,,,,,,,,,,,,,,,,,,,,,,,,,,,,,
FE179,Frontline Engineers,Shelter,Unknown,,,,,,,,,,,,,,,,,,,,,,,,,,,,,,,,,,,,,,,,,,,,,,,,,,,,,,,,,,,,
FE180,Frontline Engineers,Shelter,Unknown,,,,,,,,,,,,,,,,,,,,,,,,,,,,,,,,,,,,,,,,,,,,,,,,,,,,,,,,,,,,
FE181,Frontline Engineers,Shelter,Unknown,,,,,,,,,,,,,,,,,,,,,,,,,,,,,,,,,,,,,,,,,,,,,,,,,,,,,,,,,,,,
FE182,Frontline Engineers,Shelter,Unknown,,,,,,,,,,,,,,,,,,,,,,,,,,,,,,,,,,,,,,,,,,,,,,,,,,,,,,,,,,,,
FE183,Frontline Engineers,Shelter,Unknown,,,,,,,,,,,,,,,,,,,,,,,,,,,,,,,,,,,,,,,,,,,,,,,,,,,,,,,,,,,,
FE184,Frontline Engineers,Shelter,Unknown,,,,,,,,,,,,,,,,,,,,,,,,,,,,,,,,,,,,,,,,,,,,,,,,,,,,,,,,,,,,
FE185,Frontline Engineers,Shelter,Unknown,,,,,,,,,,,,,,,,,,,,,,,,,,,,,,,,,,,,,,,,,,,,,,,,,,,,,,,,,,,,
FE186,Frontline Engineers,Shelter,Unknown,,,,,,,,,,,,,,,,,,,,,,,,,,,,,,,,,,,,,,,,,,,,,,,,,,,,,,,,,,,,
FE187,Frontline Engineers,Shelter,Unknown,,,,,,,,,,,,,,,,,,,,,,,,,,,,,,,,,,,,,,,,,,,,,,,,,,,,,,,,,,,,
FE188,Frontline Engineers,Shelter,Unknown,,,,,,,,,,,,,,,,,,,,,,,,,,,,,,,,,,,,,,,,,,,,,,,,,,,,,,,,,,,,
FE189,Frontline Engineers,Shelter,Unknown,,,,,,,,,,,,,,,,,,,,,,,,,,,,,,,,,,,,,,,,,,,,,,,,,,,,,,,,,,,,
FE190,Frontline Engineers,Shelter,Unknown,,,,,,,,,,,,,,,,,,,,,,,,,,,,,,,,,,,,,,,,,,,,,,,,,,,,,,,,,,,,
FE191,Frontline Engineers,Shelter,Unknown,,,,,,,,,,,,,,,,,,,,,,,,,,,,,,,,,,,,,,,,,,,,,,,,,,,,,,,,,,,,
FE192,Frontline Engineers,Shelter,Unknown,,,,,,,,,,,,,,,,,,,,,,,,,,,,,,,,,,,,,,,,,,,,,,,,,,,,,,,,,,,,
FE193,Frontline Engineers,Shelter,Unknown,,,,,,,,,,,,,,,,,,,,,,,,,,,,,,,,,,,,,,,,,,,,,,,,,,,,,,,,,,,,
FE194,Frontline Engineers,Shelter,Unknown,,,,,,,,,,,,,,,,,,,,,,,,,,,,,,,,,,,,,,,,,,,,,,,,,,,,,,,,,,,,
FE195,Frontline Engineers,Shelter,Unknown,,,,,,,,,,,,,,,,,,,,,,,,,,,,,,,,,,,,,,,,,,,,,,,,,,,,,,,,,,,,
FE196,Frontline Engineers,Shelter,Unknown,,,,,,,,,,,,,,,,,,,,,,,,,,,,,,,,,,,,,,,,,,,,,,,,,,,,,,,,,,,,
FE197,Frontline Engineers,Shelter,Unknown,,,,,,,,,,,,,,,,,,,,,,,,,,,,,,,,,,,,,,,,,,,,,,,,,,,,,,,,,,,,
FE198,Frontline Engineers,Shelter,Unknown,,,,,,,,,,,,,,,,,,,,,,,,,,,,,,,,,,,,,,,,,,,,,,,,,,,,,,,,,,,,
FE199,Frontline Engineers,Shelter,Unknown,,,,,,,,,,,,,,,,,,,,,,,,,,,,,,,,,,,,,,,,,,,,,,,,,,,,,,,,,,,,
FE200,Frontline Engineers,Shelter,Unknown,,,,,,,,,,,,,,,,,,,,,,,,,,,,,,,,,,,,,,,,,,,,,,,,,,,,,,,,,,,,
FE201,Frontline Engineers,Shelter,Unknown,,,,,,,,,,,,,,,,,,,,,,,,,,,,,,,,,,,,,,,,,,,,,,,,,,,,,,,,,,,,
FE202,Frontline Engineers,Shelter,Unknown,,,,,,,,,,,,,,,,,,,,,,,,,,,,,,,,,,,,,,,,,,,,,,,,,,,,,,,,,,,,
FE203,Frontline Engineers,Shelter,Unknown,,,,,,,,,,,,,,,,,,,,,,,,,,,,,,,,,,,,,,,,,,,,,,,,,,,,,,,,,,,,
FE204,Frontline Engineers,Shelter,Unknown,,,,,,,,,,,,,,,,,,,,,,,,,,,,,,,,,,,,,,,,,,,,,,,,,,,,,,,,,,,,
FE205,Frontline Engineers,Shelter,Unknown,,,,,,,,,,,,,,,,,,,,,,,,,,,,,,,,,,,,,,,,,,,,,,,,,,,,,,,,,,,,
FE206,Frontline Engineers,Shelter,Unknown,,,,,,,,,,,,,,,,,,,,,,,,,,,,,,,,,,,,,,,,,,,,,,,,,,,,,,,,,,,,
FE207,Frontline Engineers,Shelter,Unknown,,,,,,,,,,,,,,,,,,,,,,,,,,,,,,,,,,,,,,,,,,,,,,,,,,,,,,,,,,,,
FE208,Frontline Engineers,Shelter,Unknown,,,,,,,,,,,,,,,,,,,,,,,,,,,,,,,,,,,,,,,,,,,,,,,,,,,,,,,,,,,,
FE209,Frontline Engineers,Shelter,Unknown,,,,,,,,,,,,,,,,,,,,,,,,,,,,,,,,,,,,,,,,,,,,,,,,,,,,,,,,,,,,
FE210,Frontline Engineers,Shelter,Unknown,,,,,,,,,,,,,,,,,,,,,,,,,,,,,,,,,,,,,,,,,,,,,,,,,,,,,,,,,,,,
FE211,Frontline Engineers,Shelter,Unknown,,,,,,,,,,,,,,,,,,,,,,,,,,,,,,,,,,,,,,,,,,,,,,,,,,,,,,,,,,,,
FE212,Frontline Engineers,Shelter,Unknown,,,,,,,,,,,,,,,,,,,,,,,,,,,,,,,,,,,,,,,,,,,,,,,,,,,,,,,,,,,,
FE213,Frontline Engineers,Shelter,Unknown,,,,,,,,,,,,,,,,,,,,,,,,,,,,,,,,,,,,,,,,,,,,,,,,,,,,,,,,,,,,
FE214,Frontline Engineers,Shelter,Unknown,,,,,,,,,,,,,,,,,,,,,,,,,,,,,,,,,,,,,,,,,,,,,,,,,,,,,,,,,,,,
FE215,Frontline Engineers,Shelter,Unknown,,,,,,,,,,,,,,,,,,,,,,,,,,,,,,,,,,,,,,,,,,,,,,,,,,,,,,,,,,,,
FE216,Frontline Engineers,Shelter,Unknown,,,,,,,,,,,,,,,,,,,,,,,,,,,,,,,,,,,,,,,,,,,,,,,,,,,,,,,,,,,,
FE217,Frontline Engineers,Shelter,Unknown,,,,,,,,,,,,,,,,,,,,,,,,,,,,,,,,,,,,,,,,,,,,,,,,,,,,,,,,,,,,
FE218,Frontline Engineers,Shelter,Unknown,,,,,,,,,,,,,,,,,,,,,,,,,,,,,,,,,,,,,,,,,,,,,,,,,,,,,,,,,,,,
FE219,Frontline Engineers,Shelter,Unknown,,,,,,,,,,,,,,,,,,,,,,,,,,,,,,,,,,,,,,,,,,,,,,,,,,,,,,,,,,,,
FE220,Frontline Engineers,Shelter,Unknown,,,,,,,,,,,,,,,,,,,,,,,,,,,,,,,,,,,,,,,,,,,,,,,,,,,,,,,,,,,,
FE221,Frontline Engineers,Shelter,Unknown,,,,,,,,,,,,,,,,,,,,,,,,,,,,,,,,,,,,,,,,,,,,,,,,,,,,,,,,,,,,
FE222,Frontline Engineers,Shelter,Unknown,,,,,,,,,,,,,,,,,,,,,,,,,,,,,,,,,,,,,,,,,,,,,,,,,,,,,,,,,,,,
FE223,Frontline Engineers,Shelter,Unknown,,,,,,,,,,,,,,,,,,,,,,,,,,,,,,,,,,,,,,,,,,,,,,,,,,,,,,,,,,,,
FE224,Frontline Engineers,Shelter,Unknown,,,,,,,,,,,,,,,,,,,,,,,,,,,,,,,,,,,,,,,,,,,,,,,,,,,,,,,,,,,,
FE225,Frontline Engineers,Shelter,Unknown,,,,,,,,,,,,,,,,,,,,,,,,,,,,,,,,,,,,,,,,,,,,,,,,,,,,,,,,,,,,
FE226,Frontline Engineers,Shelter,Unknown,,,,,,,,,,,,,,,,,,,,,,,,,,,,,,,,,,,,,,,,,,,,,,,,,,,,,,,,,,,,
FE227,Frontline Engineers,Shelter,Unknown,,,,,,,,,,,,,,,,,,,,,,,,,,,,,,,,,,,,,,,,,,,,,,,,,,,,,,,,,,,,
FE228,Frontline Engineers,Shelter,Unknown,,,,,,,,,,,,,,,,,,,,,,,,,,,,,,,,,,,,,,,,,,,,,,,,,,,,,,,,,,,,
FE229,Frontline Engineers,Shelter,Unknown,,,,,,,,,,,,,,,,,,,,,,,,,,,,,,,,,,,,,,,,,,,,,,,,,,,,,,,,,,,,
FE230,Frontline Engineers,Shelter,Unknown,,,,,,,,,,,,,,,,,,,,,,,,,,,,,,,,,,,,,,,,,,,,,,,,,,,,,,,,,,,,
FE231,Frontline Engineers,Shelter,Unknown,,,,,,,,,,,,,,,,,,,,,,,,,,,,,,,,,,,,,,,,,,,,,,,,,,,,,,,,,,,,
FE232,Frontline Engineers,Shelter,Unknown,,,,,,,,,,,,,,,,,,,,,,,,,,,,,,,,,,,,,,,,,,,,,,,,,,,,,,,,,,,,
FE233,Frontline Engineers,Shelter,Unknown,,,,,,,,,,,,,,,,,,,,,,,,,,,,,,,,,,,,,,,,,,,,,,,,,,,,,,,,,,,,
FE234,Frontline Engineers,Shelter,Unknown,,,,,,,,,,,,,,,,,,,,,,,,,,,,,,,,,,,,,,,,,,,,,,,,,,,,,,,,,,,,
FE235,Frontline Engineers,Shelter,Unknown,,,,,,,,,,,,,,,,,,,,,,,,,,,,,,,,,,,,,,,,,,,,,,,,,,,,,,,,,,,,
FE236,Frontline Engineers,Shelter,Unknown,,,,,,,,,,,,,,,,,,,,,,,,,,,,,,,,,,,,,,,,,,,,,,,,,,,,,,,,,,,,
FE237,Frontline Engineers,Shelter,Unknown,,,,,,,,,,,,,,,,,,,,,,,,,,,,,,,,,,,,,,,,,,,,,,,,,,,,,,,,,,,,
FE238,Frontline Engineers,Shelter,Unknown,,,,,,,,,,,,,,,,,,,,,,,,,,,,,,,,,,,,,,,,,,,,,,,,,,,,,,,,,,,,
FE239,Frontline Engineers,Shelter,Unknown,,,,,,,,,,,,,,,,,,,,,,,,,,,,,,,,,,,,,,,,,,,,,,,,,,,,,,,,,,,,
FE240,Frontline Engineers,Shelter,Unknown,,,,,,,,,,,,,,,,,,,,,,,,,,,,,,,,,,,,,,,,,,,,,,,,,,,,,,,,,,,,
FE241,Frontline Engineers,Shelter,Unknown,,,,,,,,,,,,,,,,,,,,,,,,,,,,,,,,,,,,,,,,,,,,,,,,,,,,,,,,,,,,
FE242,Frontline Engineers,Shelter,Unknown,,,,,,,,,,,,,,,,,,,,,,,,,,,,,,,,,,,,,,,,,,,,,,,,,,,,,,,,,,,,
FE243,Frontline Engineers,Shelter,Unknown,,,,,,,,,,,,,,,,,,,,,,,,,,,,,,,,,,,,,,,,,,,,,,,,,,,,,,,,,,,,
FE244,Frontline Engineers,Shelter,Unknown,,,,,,,,,,,,,,,,,,,,,,,,,,,,,,,,,,,,,,,,,,,,,,,,,,,,,,,,,,,,
FE245,Frontline Engineers,Shelter,Unknown,,,,,,,,,,,,,,,,,,,,,,,,,,,,,,,,,,,,,,,,,,,,,,,,,,,,,,,,,,,,
FE246,Frontline Engineers,Shelter,Unknown,,,,,,,,,,,,,,,,,,,,,,,,,,,,,,,,,,,,,,,,,,,,,,,,,,,,,,,,,,,,
FE247,Frontline Engineers,Shelter,Unknown,,,,,,,,,,,,,,,,,,,,,,,,,,,,,,,,,,,,,,,,,,,,,,,,,,,,,,,,,,,,
FE248,Frontline Engineers,Shelter,Unknown,,,,,,,,,,,,,,,,,,,,,,,,,,,,,,,,,,,,,,,,,,,,,,,,,,,,,,,,,,,,
FE249,Frontline Engineers,Shelter,Unknown,,,,,,,,,,,,,,,,,,,,,,,,,,,,,,,,,,,,,,,,,,,,,,,,,,,,,,,,,,,,
FE250,Frontline Engineers,Shelter,Unknown,,,,,,,,,,,,,,,,,,,,,,,,,,,,,,,,,,,,,,,,,,,,,,,,,,,,,,,,,,,,
FE251,Frontline Engineers,Shelter,Unknown,,,,,,,,,,,,,,,,,,,,,,,,,,,,,,,,,,,,,,,,,,,,,,,,,,,,,,,,,,,,
FE252,Frontline Engineers,Shelter,Unknown,,,,,,,,,,,,,,,,,,,,,,,,,,,,,,,,,,,,,,,,,,,,,,,,,,,,,,,,,,,,
FE253,Frontline Engineers,Shelter,Unknown,,,,,,,,,,,,,,,,,,,,,,,,,,,,,,,,,,,,,,,,,,,,,,,,,,,,,,,,,,,,
FE254,Frontline Engineers,Shelter,Unknown,,,,,,,,,,,,,,,,,,,,,,,,,,,,,,,,,,,,,,,,,,,,,,,,,,,,,,,,,,,,
FE255,Frontline Engineers,Shelter,Unknown,,,,,,,,,,,,,,,,,,,,,,,,,,,,,,,,,,,,,,,,,,,,,,,,,,,,,,,,,,,,
FE256,Frontline Engineers,Shelter,Unknown,,,,,,,,,,,,,,,,,,,,,,,,,,,,,,,,,,,,,,,,,,,,,,,,,,,,,,,,,,,,
FE257,Frontline Engineers,Shelter,Unknown,,,,,,,,,,,,,,,,,,,,,,,,,,,,,,,,,,,,,,,,,,,,,,,,,,,,,,,,,,,,
FE258,Frontline Engineers,Shelter,Unknown,,,,,,,,,,,,,,,,,,,,,,,,,,,,,,,,,,,,,,,,,,,,,,,,,,,,,,,,,,,,
FE259,Frontline Engineers,Shelter,Unknown,,,,,,,,,,,,,,,,,,,,,,,,,,,,,,,,,,,,,,,,,,,,,,,,,,,,,,,,,,,,
FE260,Frontline Engineers,Shelter,Unknown,,,,,,,,,,,,,,,,,,,,,,,,,,,,,,,,,,,,,,,,,,,,,,,,,,,,,,,,,,,,
FE261,Frontline Engineers,Shelter,Unknown,,,,,,,,,,,,,,,,,,,,,,,,,,,,,,,,,,,,,,,,,,,,,,,,,,,,,,,,,,,,
FE262,Frontline Engineers,Shelter,Unknown,,,,,,,,,,,,,,,,,,,,,,,,,,,,,,,,,,,,,,,,,,,,,,,,,,,,,,,,,,,,
FE263,Frontline Engineers,Shelter,Unknown,,,,,,,,,,,,,,,,,,,,,,,,,,,,,,,,,,,,,,,,,,,,,,,,,,,,,,,,,,,,
FE264,Frontline Engineers,Shelter,Unknown,,,,,,,,,,,,,,,,,,,,,,,,,,,,,,,,,,,,,,,,,,,,,,,,,,,,,,,,,,,,
FE265,Frontline Engineers,Shelter,Unknown,,,,,,,,,,,,,,,,,,,,,,,,,,,,,,,,,,,,,,,,,,,,,,,,,,,,,,,,,,,,
FE266,Frontline Engineers,Shelter,Unknown,,,,,,,,,,,,,,,,,,,,,,,,,,,,,,,,,,,,,,,,,,,,,,,,,,,,,,,,,,,,
FE267,Frontline Engineers,Shelter,Unknown,,,,,,,,,,,,,,,,,,,,,,,,,,,,,,,,,,,,,,,,,,,,,,,,,,,,,,,,,,,,
FE268,Frontline Engineers,Shelter,Unknown,,,,,,,,,,,,,,,,,,,,,,,,,,,,,,,,,,,,,,,,,,,,,,,,,,,,,,,,,,,,
FE269,Frontline Engineers,Shelter,Unknown,,,,,,,,,,,,,,,,,,,,,,,,,,,,,,,,,,,,,,,,,,,,,,,,,,,,,,,,,,,,
FE270,Frontline Engineers,Shelter,Unknown,,,,,,,,,,,,,,,,,,,,,,,,,,,,,,,,,,,,,,,,,,,,,,,,,,,,,,,,,,,,
FE271,Frontline Engineers,Shelter,Unknown,,,,,,,,,,,,,,,,,,,,,,,,,,,,,,,,,,,,,,,,,,,,,,,,,,,,,,,,,,,,
FE272,Frontline Engineers,Shelter,Unknown,,,,,,,,,,,,,,,,,,,,,,,,,,,,,,,,,,,,,,,,,,,,,,,,,,,,,,,,,,,,
FE273,Frontline Engineers,Shelter,Unknown,,,,,,,,,,,,,,,,,,,,,,,,,,,,,,,,,,,,,,,,,,,,,,,,,,,,,,,,,,,,
FE274,Frontline Engineers,Shelter,Unknown,,,,,,,,,,,,,,,,,,,,,,,,,,,,,,,,,,,,,,,,,,,,,,,,,,,,,,,,,,,,
FE275,Frontline Engineers,Shelter,Unknown,,,,,,,,,,,,,,,,,,,,,,,,,,,,,,,,,,,,,,,,,,,,,,,,,,,,,,,,,,,,
FE276,Frontline Engineers,Shelter,Unknown,,,,,,,,,,,,,,,,,,,,,,,,,,,,,,,,,,,,,,,,,,,,,,,,,,,,,,,,,,,,
FE277,Frontline Engineers,Shelter,Unknown,,,,,,,,,,,,,,,,,,,,,,,,,,,,,,,,,,,,,,,,,,,,,,,,,,,,,,,,,,,,
FE278,Frontline Engineers,Shelter,Unknown,,,,,,,,,,,,,,,,,,,,,,,,,,,,,,,,,,,,,,,,,,,,,,,,,,,,,,,,,,,,
FE279,Frontline Engineers,Shelter,Unknown,,,,,,,,,,,,,,,,,,,,,,,,,,,,,,,,,,,,,,,,,,,,,,,,,,,,,,,,,,,,
FE280,Frontline Engineers,Shelter,Unknown,,,,,,,,,,,,,,,,,,,,,,,,,,,,,,,,,,,,,,,,,,,,,,,,,,,,,,,,,,,,
FE281,Frontline Engineers,Shelter,Unknown,,,,,,,,,,,,,,,,,,,,,,,,,,,,,,,,,,,,,,,,,,,,,,,,,,,,,,,,,,,,
FE282,Frontline Engineers,Shelter,Unknown,,,,,,,,,,,,,,,,,,,,,,,,,,,,,,,,,,,,,,,,,,,,,,,,,,,,,,,,,,,,
FE283,Frontline Engineers,Shelter,Unknown,,,,,,,,,,,,,,,,,,,,,,,,,,,,,,,,,,,,,,,,,,,,,,,,,,,,,,,,,,,,
FE284,Frontline Engineers,Shelter,Unknown,,,,,,,,,,,,,,,,,,,,,,,,,,,,,,,,,,,,,,,,,,,,,,,,,,,,,,,,,,,,
FE285,Frontline Engineers,Shelter,Unknown,,,,,,,,,,,,,,,,,,,,,,,,,,,,,,,,,,,,,,,,,,,,,,,,,,,,,,,,,,,,
FE286,Frontline Engineers,Shelter,Unknown,,,,,,,,,,,,,,,,,,,,,,,,,,,,,,,,,,,,,,,,,,,,,,,,,,,,,,,,,,,,
FE287,Frontline Engineers,Shelter,Unknown,,,,,,,,,,,,,,,,,,,,,,,,,,,,,,,,,,,,,,,,,,,,,,,,,,,,,,,,,,,,
FE288,Frontline Engineers,Shelter,Unknown,,,,,,,,,,,,,,,,,,,,,,,,,,,,,,,,,,,,,,,,,,,,,,,,,,,,,,,,,,,,
FE289,Frontline Engineers,Shelter,Unknown,,,,,,,,,,,,,,,,,,,,,,,,,,,,,,,,,,,,,,,,,,,,,,,,,,,,,,,,,,,,
FE290,Frontline Engineers,Shelter,Unknown,,,,,,,,,,,,,,,,,,,,,,,,,,,,,,,,,,,,,,,,,,,,,,,,,,,,,,,,,,,,
FE291,Frontline Engineers,Shelter,Unknown,,,,,,,,,,,,,,,,,,,,,,,,,,,,,,,,,,,,,,,,,,,,,,,,,,,,,,,,,,,,
FE292,Frontline Engineers,Shelter,Unknown,,,,,,,,,,,,,,,,,,,,,,,,,,,,,,,,,,,,,,,,,,,,,,,,,,,,,,,,,,,,
FE293,Frontline Engineers,Shelter,Unknown,,,,,,,,,,,,,,,,,,,,,,,,,,,,,,,,,,,,,,,,,,,,,,,,,,,,,,,,,,,,
FE294,Frontline Engineers,Shelter,Unknown,,,,,,,,,,,,,,,,,,,,,,,,,,,,,,,,,,,,,,,,,,,,,,,,,,,,,,,,,,,,
FE295,Frontline Engineers,Shelter,Unknown,,,,,,,,,,,,,,,,,,,,,,,,,,,,,,,,,,,,,,,,,,,,,,,,,,,,,,,,,,,,
FE296,Frontline Engineers,Shelter,Unknown,,,,,,,,,,,,,,,,,,,,,,,,,,,,,,,,,,,,,,,,,,,,,,,,,,,,,,,,,,,,
FE297,Frontline Engineers,Shelter,Unknown,,,,,,,,,,,,,,,,,,,,,,,,,,,,,,,,,,,,,,,,,,,,,,,,,,,,,,,,,,,,
FE298,Frontline Engineers,Shelter,Unknown,,,,,,,,,,,,,,,,,,,,,,,,,,,,,,,,,,,,,,,,,,,,,,,,,,,,,,,,,,,,
FE299,Frontline Engineers,Shelter,Unknown,,,,,,,,,,,,,,,,,,,,,,,,,,,,,,,,,,,,,,,,,,,,,,,,,,,,,,,,,,,,
FE300,Frontline Engineers,Shelter,Unknown,,,,,,,,,,,,,,,,,,,,,,,,,,,,,,,,,,,,,,,,,,,,,,,,,,,,,,,,,,,,
FE301,Frontline Engineers,Shelter,Unknown,,,,,,,,,,,,,,,,,,,,,,,,,,,,,,,,,,,,,,,,,,,,,,,,,,,,,,,,,,,,
FE302,Frontline Engineers,Shelter,Unknown,,,,,,,,,,,,,,,,,,,,,,,,,,,,,,,,,,,,,,,,,,,,,,,,,,,,,,,,,,,,
FE303,Frontline Engineers,Shelter,Unknown,,,,,,,,,,,,,,,,,,,,,,,,,,,,,,,,,,,,,,,,,,,,,,,,,,,,,,,,,,,,
FE304,Frontline Engineers,Shelter,Unknown,,,,,,,,,,,,,,,,,,,,,,,,,,,,,,,,,,,,,,,,,,,,,,,,,,,,,,,,,,,,
FE305,Frontline Engineers,Shelter,Unknown,,,,,,,,,,,,,,,,,,,,,,,,,,,,,,,,,,,,,,,,,,,,,,,,,,,,,,,,,,,,
FE306,Frontline Engineers,Shelter,Unknown,,,,,,,,,,,,,,,,,,,,,,,,,,,,,,,,,,,,,,,,,,,,,,,,,,,,,,,,,,,,
FE307,Frontline Engineers,Shelter,Unknown,,,,,,,,,,,,,,,,,,,,,,,,,,,,,,,,,,,,,,,,,,,,,,,,,,,,,,,,,,,,
FE308,Frontline Engineers,Shelter,Unknown,,,,,,,,,,,,,,,,,,,,,,,,,,,,,,,,,,,,,,,,,,,,,,,,,,,,,,,,,,,,
FE309,Frontline Engineers,Shelter,Unknown,,,,,,,,,,,,,,,,,,,,,,,,,,,,,,,,,,,,,,,,,,,,,,,,,,,,,,,,,,,,
FE310,Frontline Engineers,Shelter,Unknown,,,,,,,,,,,,,,,,,,,,,,,,,,,,,,,,,,,,,,,,,,,,,,,,,,,,,,,,,,,,
FE311,Frontline Engineers,Shelter,Unknown,,,,,,,,,,,,,,,,,,,,,,,,,,,,,,,,,,,,,,,,,,,,,,,,,,,,,,,,,,,,
FE312,Frontline Engineers,Shelter,Unknown,,,,,,,,,,,,,,,,,,,,,,,,,,,,,,,,,,,,,,,,,,,,,,,,,,,,,,,,,,,,
FE313,Frontline Engineers,Shelter,Unknown,,,,,,,,,,,,,,,,,,,,,,,,,,,,,,,,,,,,,,,,,,,,,,,,,,,,,,,,,,,,
FE314,Frontline Engineers,Shelter,Unknown,,,,,,,,,,,,,,,,,,,,,,,,,,,,,,,,,,,,,,,,,,,,,,,,,,,,,,,,,,,,
FE315,Frontline Engineers,Shelter,Unknown,,,,,,,,,,,,,,,,,,,,,,,,,,,,,,,,,,,,,,,,,,,,,,,,,,,,,,,,,,,,
FE316,Frontline Engineers,Shelter,Unknown,,,,,,,,,,,,,,,,,,,,,,,,,,,,,,,,,,,,,,,,,,,,,,,,,,,,,,,,,,,,
FE317,Frontline Engineers,Shelter,Unknown,,,,,,,,,,,,,,,,,,,,,,,,,,,,,,,,,,,,,,,,,,,,,,,,,,,,,,,,,,,,
FE318,Frontline Engineers,Shelter,Unknown,,,,,,,,,,,,,,,,,,,,,,,,,,,,,,,,,,,,,,,,,,,,,,,,,,,,,,,,,,,,
FE319,Frontline Engineers,Shelter,Unknown,,,,,,,,,,,,,,,,,,,,,,,,,,,,,,,,,,,,,,,,,,,,,,,,,,,,,,,,,,,,
FE320,Frontline Engineers,Shelter,Unknown,,,,,,,,,,,,,,,,,,,,,,,,,,,,,,,,,,,,,,,,,,,,,,,,,,,,,,,,,,,,
FE321,Frontline Engineers,Shelter,Unknown,,,,,,,,,,,,,,,,,,,,,,,,,,,,,,,,,,,,,,,,,,,,,,,,,,,,,,,,,,,,
FE322,Frontline Engineers,Shelter,Unknown,,,,,,,,,,,,,,,,,,,,,,,,,,,,,,,,,,,,,,,,,,,,,,,,,,,,,,,,,,,,
FE323,Frontline Engineers,Shelter,Unknown,,,,,,,,,,,,,,,,,,,,,,,,,,,,,,,,,,,,,,,,,,,,,,,,,,,,,,,,,,,,
FE324,Frontline Engineers,Shelter,Unknown,,,,,,,,,,,,,,,,,,,,,,,,,,,,,,,,,,,,,,,,,,,,,,,,,,,,,,,,,,,,
FE325,Frontline Engineers,Shelter,Unknown,,,,,,,,,,,,,,,,,,,,,,,,,,,,,,,,,,,,,,,,,,,,,,,,,,,,,,,,,,,,
FE326,Frontline Engineers,Shelter,Unknown,,,,,,,,,,,,,,,,,,,,,,,,,,,,,,,,,,,,,,,,,,,,,,,,,,,,,,,,,,,,
FE327,Frontline Engineers,Shelter,Unknown,,,,,,,,,,,,,,,,,,,,,,,,,,,,,,,,,,,,,,,,,,,,,,,,,,,,,,,,,,,,
FE328,Frontline Engineers,Shelter,Unknown,,,,,,,,,,,,,,,,,,,,,,,,,,,,,,,,,,,,,,,,,,,,,,,,,,,,,,,,,,,,
FE329,Frontline Engineers,Shelter,Unknown,,,,,,,,,,,,,,,,,,,,,,,,,,,,,,,,,,,,,,,,,,,,,,,,,,,,,,,,,,,,
FE330,Frontline Engineers,Shelter,Unknown,,,,,,,,,,,,,,,,,,,,,,,,,,,,,,,,,,,,,,,,,,,,,,,,,,,,,,,,,,,,
FE331,Frontline Engineers,Shelter,Unknown,,,,,,,,,,,,,,,,,,,,,,,,,,,,,,,,,,,,,,,,,,,,,,,,,,,,,,,,,,,,
FE332,Frontline Engineers,Shelter,Unknown,,,,,,,,,,,,,,,,,,,,,,,,,,,,,,,,,,,,,,,,,,,,,,,,,,,,,,,,,,,,
FE333,Frontline Engineers,Shelter,Unknown,,,,,,,,,,,,,,,,,,,,,,,,,,,,,,,,,,,,,,,,,,,,,,,,,,,,,,,,,,,,
FE334,Frontline Engineers,Shelter,Unknown,,,,,,,,,,,,,,,,,,,,,,,,,,,,,,,,,,,,,,,,,,,,,,,,,,,,,,,,,,,,
FE335,Frontline Engineers,Shelter,Unknown,,,,,,,,,,,,,,,,,,,,,,,,,,,,,,,,,,,,,,,,,,,,,,,,,,,,,,,,,,,,
FE336,Frontline Engineers,Shelter,Unknown,,,,,,,,,,,,,,,,,,,,,,,,,,,,,,,,,,,,,,,,,,,,,,,,,,,,,,,,,,,,
FE337,Frontline Engineers,Shelter,Unknown,,,,,,,,,,,,,,,,,,,,,,,,,,,,,,,,,,,,,,,,,,,,,,,,,,,,,,,,,,,,
FE338,Frontline Engineers,Shelter,Unknown,,,,,,,,,,,,,,,,,,,,,,,,,,,,,,,,,,,,,,,,,,,,,,,,,,,,,,,,,,,,
FE339,Frontline Engineers,Shelter,Unknown,,,,,,,,,,,,,,,,,,,,,,,,,,,,,,,,,,,,,,,,,,,,,,,,,,,,,,,,,,,,
FE340,Frontline Engineers,Shelter,Unknown,,,,,,,,,,,,,,,,,,,,,,,,,,,,,,,,,,,,,,,,,,,,,,,,,,,,,,,,,,,,
FE341,Frontline Engineers,Shelter,Unknown,,,,,,,,,,,,,,,,,,,,,,,,,,,,,,,,,,,,,,,,,,,,,,,,,,,,,,,,,,,,
FE342,Frontline Engineers,Shelter,Unknown,,,,,,,,,,,,,,,,,,,,,,,,,,,,,,,,,,,,,,,,,,,,,,,,,,,,,,,,,,,,
FE343,Frontline Engineers,Shelter,Unknown,,,,,,,,,,,,,,,,,,,,,,,,,,,,,,,,,,,,,,,,,,,,,,,,,,,,,,,,,,,,
FE344,Frontline Engineers,Shelter,Unknown,,,,,,,,,,,,,,,,,,,,,,,,,,,,,,,,,,,,,,,,,,,,,,,,,,,,,,,,,,,,
FE345,Frontline Engineers,Shelter,Unknown,,,,,,,,,,,,,,,,,,,,,,,,,,,,,,,,,,,,,,,,,,,,,,,,,,,,,,,,,,,,
FE346,Frontline Engineers,Shelter,Unknown,,,,,,,,,,,,,,,,,,,,,,,,,,,,,,,,,,,,,,,,,,,,,,,,,,,,,,,,,,,,
FE347,Frontline Engineers,Shelter,Unknown,,,,,,,,,,,,,,,,,,,,,,,,,,,,,,,,,,,,,,,,,,,,,,,,,,,,,,,,,,,,
FE348,Frontline Engineers,Shelter,Unknown,,,,,,,,,,,,,,,,,,,,,,,,,,,,,,,,,,,,,,,,,,,,,,,,,,,,,,,,,,,,
FE349,Frontline Engineers,Shelter,Unknown,,,,,,,,,,,,,,,,,,,,,,,,,,,,,,,,,,,,,,,,,,,,,,,,,,,,,,,,,,,,
FE350,Frontline Engineers,Shelter,Unknown,,,,,,,,,,,,,,,,,,,,,,,,,,,,,,,,,,,,,,,,,,,,,,,,,,,,,,,,,,,,
FE351,Frontline Engineers,Shelter,Unknown,,,,,,,,,,,,,,,,,,,,,,,,,,,,,,,,,,,,,,,,,,,,,,,,,,,,,,,,,,,,
FE352,Frontline Engineers,Shelter,Unknown,,,,,,,,,,,,,,,,,,,,,,,,,,,,,,,,,,,,,,,,,,,,,,,,,,,,,,,,,,,,
FE353,Frontline Engineers,Shelter,Unknown,,,,,,,,,,,,,,,,,,,,,,,,,,,,,,,,,,,,,,,,,,,,,,,,,,,,,,,,,,,,
FE354,Frontline Engineers,Shelter,Unknown,,,,,,,,,,,,,,,,,,,,,,,,,,,,,,,,,,,,,,,,,,,,,,,,,,,,,,,,,,,,
FE355,Frontline Engineers,Shelter,Unknown,,,,,,,,,,,,,,,,,,,,,,,,,,,,,,,,,,,,,,,,,,,,,,,,,,,,,,,,,,,,
FE356,Frontline Engineers,Shelter,Unknown,,,,,,,,,,,,,,,,,,,,,,,,,,,,,,,,,,,,,,,,,,,,,,,,,,,,,,,,,,,,
FE357,Frontline Engineers,Shelter,Unknown,,,,,,,,,,,,,,,,,,,,,,,,,,,,,,,,,,,,,,,,,,,,,,,,,,,,,,,,,,,,
FE358,Frontline Engineers,Shelter,Unknown,,,,,,,,,,,,,,,,,,,,,,,,,,,,,,,,,,,,,,,,,,,,,,,,,,,,,,,,,,,,
FE359,Frontline Engineers,Shelter,Unknown,,,,,,,,,,,,,,,,,,,,,,,,,,,,,,,,,,,,,,,,,,,,,,,,,,,,,,,,,,,,
FE360,Frontline Engineers,Shelter,Unknown,,,,,,,,,,,,,,,,,,,,,,,,,,,,,,,,,,,,,,,,,,,,,,,,,,,,,,,,,,,,
FE361,Frontline Engineers,Shelter,Unknown,,,,,,,,,,,,,,,,,,,,,,,,,,,,,,,,,,,,,,,,,,,,,,,,,,,,,,,,,,,,
FE362,Frontline Engineers,Shelter,Unknown,,,,,,,,,,,,,,,,,,,,,,,,,,,,,,,,,,,,,,,,,,,,,,,,,,,,,,,,,,,,
FE363,Frontline Engineers,Shelter,Unknown,,,,,,,,,,,,,,,,,,,,,,,,,,,,,,,,,,,,,,,,,,,,,,,,,,,,,,,,,,,,
FE364,Frontline Engineers,Shelter,Unknown,,,,,,,,,,,,,,,,,,,,,,,,,,,,,,,,,,,,,,,,,,,,,,,,,,,,,,,,,,,,
FE365,Frontline Engineers,Shelter,Unknown,,,,,,,,,,,,,,,,,,,,,,,,,,,,,,,,,,,,,,,,,,,,,,,,,,,,,,,,,,,,
FE366,Frontline Engineers,Shelter,Unknown,,,,,,,,,,,,,,,,,,,,,,,,,,,,,,,,,,,,,,,,,,,,,,,,,,,,,,,,,,,,
FE367,Frontline Engineers,Shelter,Unknown,,,,,,,,,,,,,,,,,,,,,,,,,,,,,,,,,,,,,,,,,,,,,,,,,,,,,,,,,,,,
FE368,Frontline Engineers,Shelter,Unknown,,,,,,,,,,,,,,,,,,,,,,,,,,,,,,,,,,,,,,,,,,,,,,,,,,,,,,,,,,,,
FE369,Frontline Engineers,Shelter,Unknown,,,,,,,,,,,,,,,,,,,,,,,,,,,,,,,,,,,,,,,,,,,,,,,,,,,,,,,,,,,,
FE370,Frontline Engineers,Shelter,Unknown,,,,,,,,,,,,,,,,,,,,,,,,,,,,,,,,,,,,,,,,,,,,,,,,,,,,,,,,,,,,
FE371,Frontline Engineers,Shelter,Unknown,,,,,,,,,,,,,,,,,,,,,,,,,,,,,,,,,,,,,,,,,,,,,,,,,,,,,,,,,,,,
FE372,Frontline Engineers,Shelter,Unknown,,,,,,,,,,,,,,,,,,,,,,,,,,,,,,,,,,,,,,,,,,,,,,,,,,,,,,,,,,,,
FE373,Frontline Engineers,Shelter,Unknown,,,,,,,,,,,,,,,,,,,,,,,,,,,,,,,,,,,,,,,,,,,,,,,,,,,,,,,,,,,,
FE374,Frontline Engineers,Shelter,Unknown,,,,,,,,,,,,,,,,,,,,,,,,,,,,,,,,,,,,,,,,,,,,,,,,,,,,,,,,,,,,
FE375,Frontline Engineers,Shelter,Unknown,,,,,,,,,,,,,,,,,,,,,,,,,,,,,,,,,,,,,,,,,,,,,,,,,,,,,,,,,,,,
FE376,Frontline Engineers,Shelter,Unknown,,,,,,,,,,,,,,,,,,,,,,,,,,,,,,,,,,,,,,,,,,,,,,,,,,,,,,,,,,,,
FE377,Frontline Engineers,Shelter,Unknown,,,,,,,,,,,,,,,,,,,,,,,,,,,,,,,,,,,,,,,,,,,,,,,,,,,,,,,,,,,,
FE378,Frontline Engineers,Shelter,Unknown,,,,,,,,,,,,,,,,,,,,,,,,,,,,,,,,,,,,,,,,,,,,,,,,,,,,,,,,,,,,
FE379,Frontline Engineers,Shelter,Unknown,,,,,,,,,,,,,,,,,,,,,,,,,,,,,,,,,,,,,,,,,,,,,,,,,,,,,,,,,,,,
FE380,Frontline Engineers,Shelter,Unknown,,,,,,,,,,,,,,,,,,,,,,,,,,,,,,,,,,,,,,,,,,,,,,,,,,,,,,,,,,,,
FE381,Frontline Engineers,Shelter,Unknown,,,,,,,,,,,,,,,,,,,,,,,,,,,,,,,,,,,,,,,,,,,,,,,,,,,,,,,,,,,,
FE382,Frontline Engineers,Shelter,Unknown,,,,,,,,,,,,,,,,,,,,,,,,,,,,,,,,,,,,,,,,,,,,,,,,,,,,,,,,,,,,
FE383,Frontline Engineers,Shelter,Unknown,,,,,,,,,,,,,,,,,,,,,,,,,,,,,,,,,,,,,,,,,,,,,,,,,,,,,,,,,,,,
FE384,Frontline Engineers,Shelter,Unknown,,,,,,,,,,,,,,,,,,,,,,,,,,,,,,,,,,,,,,,,,,,,,,,,,,,,,,,,,,,,
FE385,Frontline Engineers,Shelter,Unknown,,,,,,,,,,,,,,,,,,,,,,,,,,,,,,,,,,,,,,,,,,,,,,,,,,,,,,,,,,,,
FE386,Frontline Engineers,Shelter,Unknown,,,,,,,,,,,,,,,,,,,,,,,,,,,,,,,,,,,,,,,,,,,,,,,,,,,,,,,,,,,,
FE387,Frontline Engineers,Shelter,Unknown,,,,,,,,,,,,,,,,,,,,,,,,,,,,,,,,,,,,,,,,,,,,,,,,,,,,,,,,,,,,
FE388,Frontline Engineers,Shelter,Unknown,,,,,,,,,,,,,,,,,,,,,,,,,,,,,,,,,,,,,,,,,,,,,,,,,,,,,,,,,,,,
FE389,Frontline Engineers,Shelter,Unknown,,,,,,,,,,,,,,,,,,,,,,,,,,,,,,,,,,,,,,,,,,,,,,,,,,,,,,,,,,,,
FE390,Frontline Engineers,Shelter,Unknown,,,,,,,,,,,,,,,,,,,,,,,,,,,,,,,,,,,,,,,,,,,,,,,,,,,,,,,,,,,,
FE391,Frontline Engineers,Shelter,Unknown,,,,,,,,,,,,,,,,,,,,,,,,,,,,,,,,,,,,,,,,,,,,,,,,,,,,,,,,,,,,
FE392,Frontline Engineers,Shelter,Unknown,,,,,,,,,,,,,,,,,,,,,,,,,,,,,,,,,,,,,,,,,,,,,,,,,,,,,,,,,,,,
FE393,Frontline Engineers,Shelter,Unknown,,,,,,,,,,,,,,,,,,,,,,,,,,,,,,,,,,,,,,,,,,,,,,,,,,,,,,,,,,,,
FE394,Frontline Engineers,Shelter,Unknown,,,,,,,,,,,,,,,,,,,,,,,,,,,,,,,,,,,,,,,,,,,,,,,,,,,,,,,,,,,,
FE395,Frontline Engineers,Shelter,Unknown,,,,,,,,,,,,,,,,,,,,,,,,,,,,,,,,,,,,,,,,,,,,,,,,,,,,,,,,,,,,
FE396,Frontline Engineers,Shelter,Unknown,,,,,,,,,,,,,,,,,,,,,,,,,,,,,,,,,,,,,,,,,,,,,,,,,,,,,,,,,,,,
FE397,Frontline Engineers,Shelter,Unknown,,,,,,,,,,,,,,,,,,,,,,,,,,,,,,,,,,,,,,,,,,,,,,,,,,,,,,,,,,,,
FE398,Frontline Engineers,Shelter,Unknown,,,,,,,,,,,,,,,,,,,,,,,,,,,,,,,,,,,,,,,,,,,,,,,,,,,,,,,,,,,,